"SA2_CODE21","median_time_to_acute_care","min_time_to_acute_care","max_time_to_acute_care","median_time_to_rehab_care","min_time_to_rehab_care","max_time_to_rehab_care","iTRAQI_index"
301011001,60.1693246349932,55.3237230718218,68.6712180130347,31.8736867435276,29.5000943101737,36.0372490230843,"2A"
301011002,35.5088539484751,28.2470846355757,49.5460941841031,22.5053322770664,19.2401599919821,29.2768623548329,"1A"
301011003,58.7310280735117,49.3418424979333,62.8188441041762,33.3059021868328,28.6358031958945,36.2714227225792,"1A"
301011004,51.0169572876146,45.1220131947574,58.8098177763557,27.5111164800265,25.0599893189781,30.6753845110787,"1A"
301011005,53.7844170071858,49.7257533470701,56.4990482499886,32.0396040301764,29.9383979887998,33.0126294476628,"1A"
301011006,66.7701436842127,63.6137732348262,72.7223423028174,37.2513552526653,34.8462971547632,41.5604540052366,"2A"
301021007,79.0574048483917,69.0949927834609,87.9491095191124,38.9068742481454,34.4568094202137,46.0606420568107,"2A"
301021008,73.531626488319,70.2642730228203,76.4319290503093,39.3928011333262,36.850200710805,41.4154029797011,"2A"
301021009,77.0572238489836,50.4537349477694,85.9711294368232,38.9387965465028,29.0763025634128,42.0776786756559,"2A"
301021011,46.784699628653,40.4779166694598,62.7104098149288,26.4455452423846,22.1722118146797,31.0048482828239,"1A"
301021012,74.4515842351998,57.6004939810585,87.2653821407353,35.4071903163018,29.0823524133885,39.4399655665709,"2A"
301021013,87.6027489463539,64.3910204621912,99.3751646083082,39.5040291331079,31.858565897168,43.4085670055791,"2A"
301021550,121.440388484359,82.6197865862533,124.015608046017,83.8723949745785,55.3505438735049,100.565249667079,"3B"
301021551,112.613659396786,69.3791191091136,121.141144727893,60.2090871826697,41.7513324469846,68.5442374683989,"2B"
301031014,48.0263814111113,33.2238159679018,72.1301966668659,35.5693034239604,24.263395828827,53.9233645554053,"1A"
301031015,48.2160790130469,45.8024707968519,50.2966804945827,30.8283091237593,29.1031398326968,32.1443824295764,"1A"
301031016,42.5272511263693,37.1608397351426,46.1085214891039,27.4708515947017,24.439283290438,29.3745495724501,"1A"
301031017,21.702777045555,19.1789267719673,30.8616453894218,17.3063046476162,16.3373953484365,23.506699849932,"1A"
301031018,31.5734937087516,24.5332675906968,38.2286053833366,21.3606771688944,18.1894444307756,25.3267799532763,"1A"
301031019,37.7384293759348,34.7088233332918,42.8083247563312,24.2520214245725,22.5754742854959,26.8005495504333,"1A"
301031020,43.0851746120553,38.9058391130328,47.5388856181838,29.2709784048731,27.2065266598316,31.2815441812224,"1A"
301031021,37.1607430166828,28.1104456554364,41.7247720827042,25.6283428160485,21.4043328032516,27.9408003453213,"1A"
302011022,31.6090666701674,27.1494793013979,37.3157159164246,25.6420167787118,23.1962865489684,29.5078811235626,"1A"
302011023,23.2511270628775,20.4127247225752,28.1130420178227,20.1759169979239,18.8604760269785,23.4341226197367,"1A"
302011024,24.6937320862851,22.5197865293316,26.5751807756822,21.7178971746555,20.3739768569385,22.8161817440351,"1A"
302011025,15.5289698720342,13.2344116139437,19.1569486021824,15.7836269070534,14.603694049648,17.6444051291252,"1A"
302011026,18.774343453384,16.2523487014742,21.6963547523117,17.7299243831052,16.278108654372,19.1364754828816,"1A"
302021027,20.580532225873,18.5252758714773,22.9753725377932,19.45135679009,18.2021493438559,20.8431340026549,"1A"
302021028,16.1975903956029,14.9555756145553,18.0748316726639,17.2739303100742,16.4702697798012,18.1796283467343,"1A"
302021029,16.9517510666218,15.1205947902795,18.6151642545847,17.1369620815256,16.343453913991,18.2384806867638,"1A"
302021030,20.1481995365375,18.6119116197551,22.6497469257792,19.5568669765644,18.5970254854725,21.0665459947148,"1A"
302021031,11.022101946212,7.22092174042035,14.2043997903743,14.2295107033901,12.2675130406986,16.0585964217804,"1A"
302021032,11.332826788162,8.83809579101376,13.7187258717677,14.0707076132396,12.9384285721715,15.0549930217211,"1A"
302021033,14.1059401509063,11.9380848671506,15.9527285865087,15.6201932213112,14.6577495508297,16.3826860169962,"1A"
302021034,16.5570922651536,13.4596220095592,18.8658796077784,17.5125278449968,15.7423738166378,18.8516646250008,"1A"
302031035,26.9691671651584,24.3604950127344,31.9918560496102,23.6635420539363,22.0581684774764,26.7256055611466,"1A"
302031036,31.7596861243897,17.408005573131,43.798557654211,25.5714826383931,16.8041819255126,33.3614667366843,"1A"
302031037,19.1616431122236,14.1399578770574,28.7176687702387,17.2821442777067,14.8417122800794,22.8298771434215,"1A"
302031038,20.549676706464,18.3774941512671,23.8452755508357,19.7316552113933,18.4697327883044,21.7847714696632,"1A"
302031039,25.8689301422384,23.0711470727693,34.3948256267659,22.7656324906444,21.1091836059067,28.1756104965547,"1A"
302031040,16.1167215637251,13.833639650141,19.0165386702333,17.1528970627398,15.9510681099068,18.6386283990795,"1A"
302041041,30.2373591668783,28.1716801459789,33.6427057340306,25.1924068583927,23.9607489607357,27.264206696649,"1A"
302041042,35.6951975181602,33.5501983563937,38.787997721513,28.83609349535,27.4100528073814,30.6368407738455,"1A"
302041043,30.9137232904232,29.7107009147332,32.5434063302318,25.960356764053,25.1894620829759,26.9800421264231,"1A"
302041044,33.9316206886953,32.4982014417604,35.015993583072,27.8890799540862,26.7990103876867,28.5000015359855,"1A"
302041045,26.3745225289829,24.3791558846689,29.1590072154684,23.0171446534498,21.8325854466758,24.7884217997574,"1A"
302041046,23.2431453145085,21.2984099220049,24.9817820068866,21.2528261384459,20.0125586836698,22.3938408925502,"1A"
303011047,18.1396204690358,15.1088979401806,20.2474786168025,14.0704024762293,12.7090495647448,14.8268075269298,"1A"
303011048,18.2984444956457,16.7743558111201,25.0367046482356,15.5390781424678,14.5082559806541,17.916408381126,"1A"
303011049,21.1264306454493,19.2933976967443,27.8022660594949,15.9489258473321,15.0696545798381,18.8580613352261,"1A"
303011050,21.8786393566301,20.6215987130719,23.5251139463136,15.6284040470053,14.7310920262084,16.3649089156837,"1A"
303011051,27.1689720917661,23.7984107008369,30.0812336949571,17.8377173251376,16.507665953885,19.3162879592466,"1A"
303021052,15.3679897375368,13.4644615714096,16.9825431475813,11.7803883151985,11.0677422986356,12.3783571627281,"1A"
303021053,15.5257617713246,12.7422729719235,19.4493606486903,12.4223914215461,11.2366829780402,13.9969892943528,"1A"
303021054,13.6827198622568,11.7212157040447,14.9398838591737,11.1164785670004,10.3814151872224,11.5900032097549,"1A"
303021055,15.5145891581809,13.6892250508557,16.9790234796469,12.0188985285349,11.3878716988183,12.635506161954,"1A"
303021056,19.7649918679544,17.0944715898265,21.8168817963856,13.90995861162,12.7374480555005,14.9278845426719,"1A"
303021057,19.9942434823145,17.359706955446,21.4731558509081,13.7154995934162,12.7158614373417,14.2713783209034,"1A"
303021058,12.3072175156472,11.0615362436927,13.5452030647801,10.8051043779334,10.19856067529,11.2680269833111,"1A"
303021059,16.292517625447,14.5385168441265,19.1066135351439,12.1300941032733,11.5140103751659,13.3243188834082,"1A"
303031060,28.688266664877,27.2209271406752,31.9765759967685,17.0363557521669,16.3831842392223,18.3289470626542,"1A"
303031061,25.6187687106323,24.0322845490783,27.0496857510433,15.7784293053054,15.1804027933498,16.3659566869734,"1A"
303031062,26.4302688188264,24.8920347175091,29.9792295948027,16.6412505253755,16.2459386537154,18.2831508039588,"1A"
303031063,23.2957814183064,21.2386650321428,25.2481689536866,15.2819852669855,14.222106273908,16.0072288364394,"1A"
303031064,33.4537739819978,29.7805363891861,44.9925737237388,19.2140612815907,17.6472443920148,24.7169754781772,"1A"
303031065,25.4403411893088,22.6039318150195,27.0151560689103,15.8839979210826,14.6464988322052,16.4129097492911,"1A"
303031066,27.8464428579042,26.4097770288366,29.6033878149299,16.938211666747,16.3791715156206,17.8189983508772,"1A"
303041067,23.3696594999697,22.4486152081442,24.7871779534735,14.862663385268,14.5241988771774,15.4265844259015,"1A"
303041068,18.5381758651223,17.1190708058608,19.9545696291063,12.9846382118334,12.4262692129178,13.5991144803126,"1A"
303041069,24.1659580211052,23.3510047739106,25.103669449343,15.1823570902674,14.8454213106612,15.5312075188685,"1A"
303041070,21.229722227177,19.4234295789601,23.7154846364156,14.0460766354711,13.3189911110592,15.0332223755747,"1A"
303041071,18.164242005055,16.2304700060011,20.3530792159551,12.8562665323132,12.1553420524652,13.7822425902207,"1A"
303051072,29.4726485259098,27.7668115742301,31.0806596480942,17.59485472093,16.8091912583011,18.4121018859086,"1A"
303051073,31.3686133059064,29.1548672959757,35.6875012125024,18.1834497244583,17.3228646418844,19.9006559355425,"1A"
303051074,31.7973033623308,24.5734904008066,34.8634729885454,19.5038249083354,15.8718752684188,20.786341901256,"1A"
303051075,32.7984852146878,31.3632247912651,35.6299430740002,19.2272302308378,18.5502932762014,20.4395864487261,"1A"
303051076,24.9819960204762,19.2441717407567,27.1842234886323,15.7317813455329,13.4034873069338,16.5831027949552,"1A"
303061077,31.5992471040735,30.8869374357394,32.6059088351415,18.1468985618225,17.8261753478325,18.526030570993,"1A"
303061078,29.6561797234861,27.2641305787682,30.6764934729926,17.3362601181381,16.3764281319341,17.7668960618041,"1A"
303061079,26.2067954671038,24.4267272609588,27.2716147695899,15.9638528819405,15.3233826531671,16.3855660002637,"1A"
303061080,28.1272559103089,25.1892192348756,29.9169087979944,16.8158625368823,15.6248740894847,17.5287975133979,"1A"
304011081,25.8188535020599,24.0193746462445,27.6188058781215,17.3302667919669,16.4729387313109,18.2663773563049,"1A"
304011082,28.0907787705626,26.6202924459521,29.7052058807493,18.4764196832042,17.6486406102507,19.4080728012234,"1A"
304011083,30.7779479239261,29.7711259477088,32.1855919180867,19.9663531577491,19.374409603577,20.7761450488537,"1A"
304011084,24.5827303767839,22.7913070251081,26.4081279994336,16.5350428743445,15.6897248528068,17.482909995329,"1A"
304011085,30.1243849994897,28.3923652792063,30.7289631491444,19.6583973918422,18.7453482400325,20.0031530604526,"1A"
304021086,35.3210353225439,31.648241694058,39.2591649873457,22.5083682911767,20.4882331878368,24.9556403526366,"1A"
304021087,29.2370093852682,23.1426401725482,50.3368247543324,19.8901788464118,16.4016242439853,30.3582072426066,"1A"
304021088,21.1322342260256,19.0647204114519,22.6989879110016,15.266976447484,14.2870078808065,16.2629096820336,"1A"
304021089,21.6674740602115,20.0823796158322,22.1678707164449,14.9941343283175,14.440370405692,15.5083153678872,"1A"
304021090,23.3537716258884,21.4815351218465,26.1037724216318,16.335431711324,15.4121764164554,17.6868439168284,"1A"
304021091,35.3044861253947,26.8486706188495,43.009299737448,22.5038503146382,18.1407907787043,26.4766495495031,"1A"
304031092,18.190477928716,17.6365184347832,19.3873510486931,13.4676938946676,13.0690167800155,14.0001534737133,"1A"
304031093,21.1597753710562,19.5612328689935,22.2380179819435,14.5288271098213,13.7591944575623,15.1212237224964,"1A"
304031094,16.8783257949601,15.5308082822858,20.5545561828158,13.1250932848106,12.3012708897437,14.8299151480127,"1A"
304031095,19.6519291439891,18.6938500983437,20.7791319028589,13.9548093242731,13.4715974601288,14.5182411957271,"1A"
304031096,13.4737287141289,12.2500495505724,14.9034154769867,11.3178733476321,10.6705429856303,11.9538207286733,"1A"
304031097,15.0042485877427,13.6339141414959,16.7225397028251,12.1779506780292,11.5645156683217,13.2665766722481,"1A"
304041098,12.8959290211998,10.761109158411,18.2906436253108,14.0184309902005,12.7751290260966,15.650413182527,"1A"
304041099,36.9428250335078,25.3727939928849,51.1704928752383,24.6768850125616,18.2952810917163,34.9855638515787,"1A"
304041100,20.4515260509822,18.4266936620916,23.2605302297017,17.1773337022119,16.2147086016724,18.2525258370706,"1A"
304041101,17.1878228223861,15.1610755861514,19.3194998556213,15.7933662028485,14.8318580368974,17.0349666474389,"1A"
304041102,19.5335152574885,14.3810877688055,25.2995084666045,15.1212323229778,12.5774410040842,18.1009819124662,"1A"
304041103,21.0595138510694,15.9662513786079,24.8872714620915,16.6250695660294,14.1173943233781,18.4963848444245,"1A"
304041104,27.8017683233386,23.0733110631892,31.8202738329016,20.1542937672314,17.8917745348825,21.9789162544523,"1A"
305011105,7.17540747668107,5.32699199377151,8.86274708525673,9.11258895967342,8.90313171840637,9.49745665447074,"1A"
305011106,4.26724928407981,2.17759777515101,5.44611822929699,9.15450932647002,8.68056163760104,9.64130913798169,"1A"
305011107,11.2390493389993,10.2940944522295,11.9762902782268,10.2296797286317,9.88793552835534,10.4769364582735,"1A"
305011108,9.07690150360924,6.72619101013481,10.9019685104345,9.83458202509303,9.36197351275985,10.3803823036334,"1A"
305011109,7.91766255343782,5.60170425289522,9.88037084440919,10.1193296692626,9.54229330609894,10.926735633709,"1A"
305011110,9.37485580893838,8.14189092852268,11.1119956530238,9.66374082327695,9.31149542531762,10.1605036129903,"1A"
305011111,5.071993493354,2.98475450682173,5.94319172229632,8.8356094835035,8.66519543117749,8.96662910850125,"1A"
305011112,11.1199301980728,9.51796143555043,12.4169092900833,10.4228040814225,9.83358169861276,11.0339034210815,"1A"
305021113,12.0087347269165,10.7627037190078,14.0051032652387,12.9146709052143,12.2835002514389,13.8487357483976,"1A"
305021114,9.52175681346529,7.55721990595936,11.7429794652645,12.074101985938,11.3897279953437,13.3345433559588,"1A"
305021115,11.2937439567616,10.0795121540374,12.601220697748,10.8065248711145,10.3227746349027,11.2554510973092,"1A"
305021116,10.4136965965846,8.94561381294056,11.9095996499542,11.8617833217427,11.4002461359124,12.1772037142186,"1A"
305021117,14.9460929100396,12.1859948679414,18.1144202760345,13.5927451457525,12.4411904779971,15.0918531231408,"1A"
305021118,13.4326895190342,11.0379966267035,16.328434220361,12.2665756243342,11.38138340135,13.5274169252058,"1A"
305031119,7.22075700664487,5.64161216272453,8.38056983764812,12.1258471376258,11.1849473790122,12.6843211560381,"1A"
305031120,9.38812245743821,8.02402875375134,10.4679053128379,12.5525982508093,11.8019298134338,13.4938814415856,"1A"
305031121,12.2681949499566,8.99567705458708,15.6542676351864,14.3818070419082,12.8534443042421,15.9643395380875,"1A"
305031122,11.2723105059498,8.61499117598703,14.1381623871723,14.270131529487,12.9513506285192,15.9098518122579,"1A"
305031123,7.25150795747356,6.07135308134104,8.89675932692006,11.9618146335677,11.3169907391776,12.7247953999739,"1A"
305031124,10.6360038052923,7.10312466695751,14.882545362519,13.3057079055507,11.6907552494343,15.5036786045451,"1A"
305031125,14.7991291529375,12.4199346188256,17.1122458896567,16.0881332671139,14.7765181459811,17.3621516682655,"1A"
305031126,4.37579105831244,0.441287645514194,5.83587852301395,9.41245373358663,8.4955343058233,10.1513344618435,"1A"
305031127,6.49612951285957,5.08236454686465,8.25756204014078,10.99530500209,10.3506274195954,11.837651300047,"1A"
305031128,5.57564894511228,1.06887710425269,7.93755057999994,10.2932943464484,8.75627338005313,10.781876086702,"1A"
305031129,4.37902295391123,2.99050904788459,5.46942572393277,10.4875621853761,9.7472340664682,11.1337448487412,"1A"
305031130,4.55405616864792,1.90328092518661,6.17825042866042,10.8167235667018,9.40024649967484,11.7286517988937,"1A"
305031131,8.70015923152965,6.58484739202493,12.8738715378501,13.1111422174982,11.9066947464518,15.387906723738,"1A"
305041132,10.3713746065483,7.20291519006486,15.4840196748097,12.1288474706965,10.7962914292921,13.9608391246685,"1A"
305041133,10.9508175158054,10.0799761993403,11.8432944092693,10.7899110189448,10.3244444811581,11.2033351785045,"1A"
305041134,11.9294704077719,9.91328634115717,14.7419103742148,11.9439214162972,11.1271015073705,13.205194007296,"1A"
305041135,8.89964559090635,6.52992334714287,10.4187484984879,10.2829261623095,9.48090655478984,11.4098619420237,"1A"
305041136,7.12304836983304,5.47573636029284,9.28595974719059,10.3390106866725,9.35705913670938,11.1630949755418,"1A"
305041137,13.2366490649829,11.5191576515073,15.7197888771303,11.6128601885755,10.8474709342054,12.8888057857943,"1A"
306011138,178.259724856621,177.103834924294,179.344042573141,131.695438876608,130.629347918084,132.74685599194,"3C"
306011139,193.723740516456,185.029389869125,201.561028342167,146.881290474617,137.902740988174,154.942608013291,"3C"
306011140,176.612998732161,173.344655671066,179.560155317426,132.427727819246,130.213244400295,134.087814244054,"3C"
306011141,181.129937469532,177.652962318235,190.379321915819,133.942515915747,131.014960479277,141.524890443574,"3C"
306011142,185.281270137036,181.613224240782,189.716123194505,140.274279418664,136.477160575827,144.453402450391,"3C"
306011143,180.170201070064,175.56683972268,183.824683028767,136.529723191596,133.343451403746,140.556167690913,"3C"
306021144,183.108386120992,181.850993745283,184.388474376685,129.888950321468,128.679873853886,131.877179828283,"3C"
306021145,172.408216713659,171.991710310802,173.6532694686,127.638588743505,126.167232201254,130.30260106973,"3C"
306021146,178.317273389254,175.522528449249,179.490104807457,128.731750873218,127.5876397979,130.082615263074,"3C"
306021147,184.822054199898,179.875611972828,186.227966139251,129.126848752005,127.870319322146,132.032240961881,"3C"
306021148,189.917366308467,170.5325412591,203.420530848874,129.035560061769,124.997203827497,145.321572821579,"3C"
306021149,176.902765435886,175.199256040311,178.40756412478,129.099626679407,127.624379223366,130.527221796524,"3C"
306021150,185.920411346159,179.635404968354,198.519221898139,136.292668019966,126.870326578975,145.614674633501,"3C"
306021151,175.595565043995,174.793235299335,176.254941242495,128.805390139009,128.122042896111,129.361024393275,"3C"
306021152,174.423739523624,172.966588879281,175.211850659269,127.59894195521,127.14376620324,128.604799735441,"3C"
306021153,181.032310266618,179.242257857503,182.39801973588,128.995427429685,128.542610580715,129.910486118181,"3C"
306021154,173.945817756249,172.880139944436,175.837911134388,126.890719213904,126.354637661736,127.474077776616,"3C"
306021155,178.909654251883,176.882369791204,180.822664828399,128.048152571357,127.567084560538,128.57706509501,"3C"
306021156,175.626868806565,173.872141530607,177.126184464672,129.887163660457,129.105764003723,130.877086519321,"3C"
306021157,177.369806081225,176.394466813464,178.858567206082,128.08286519694,127.491129159334,128.451018921666,"3C"
306031158,193.256957929115,166.876342943355,221.889107848478,126.56474887372,123.492320029963,131.050577738084,"3C"
306031159,167.845530669435,166.612533453143,172.218415243883,124.236476991571,123.219045188504,129.732091341804,"3C"
306031160,177.261169088522,164.305306952474,188.622552794327,126.100883493367,122.690393368368,147.813966461791,"3C"
306031161,169.575609949032,141.067966679976,184.852867947894,124.381952601109,87.4948399593768,152.692129520072,"3C"
306031162,200.753295415706,179.565254186714,219.669234764824,130.030040948211,124.49342533221,145.358611868165,"3C"
306031163,175.537401190956,170.170567911552,190.918608423138,135.964581159445,128.875350146951,146.804434659191,"3C"
306041164,206.754766888523,196.460163914386,225.287827200814,232.71963871269,180.92370075671,278.570508529573,"3C"
306041165,214.216177533232,196.830362752435,225.337280328257,171.574615387962,155.400489047347,182.69452906547,"3C"
306051166,175.099582138229,173.836496594753,178.633393962705,161.995358789499,158.10059107246,164.877911339501,"3C"
306051167,179.536698561097,153.597747531043,208.98786374347,168.041504231021,105.858303297587,207.883876662622,"3C"
306051168,197.693834940514,183.738179614684,212.462647629818,152.700270439875,136.807364126762,165.352371164332,"3C"
306051169,177.097829224299,173.414414211989,206.352272678558,151.245328061076,130.422041153232,165.05794167744,"3C"
306051170,179.554063122009,175.363917247004,187.285315097511,159.192597267983,141.228579677573,166.398446077715,"3C"
307011171,330.291352013261,273.382718459146,352.682265874737,272.422850350787,193.323982083973,356.760145106775,"4D"
307011172,289.027958583999,238.433652960493,310.345043808203,171.004426185871,159.21745795429,210.771430344784,"4C"
307011173,214.933057330737,208.841288184805,220.414603408185,213.174208870275,202.368765688423,224.112326855273,"3C"
307011174,215.16798648155,165.908788265097,312.56857470115,204.314501774283,141.408548413497,264.101824928152,"3C"
307011175,313.151034672806,258.641716950357,348.475976817786,175.246371112532,161.125348351187,202.988805543311,"4C"
307011176,322.2216151709,321.099402108066,330.324000973102,162.62512207265,161.973477339633,165.176308763348,"4C"
307011177,329.204962838544,279.248675617515,369.10101974237,222.216461983952,160.679008038408,308.382519322965,"4C"
307011178,236.714216256611,190.12456711572,312.775599193765,176.731936031149,157.343457926813,207.42896388413,"3C"
307021179,158.429483949351,146.331928610698,167.93037429218,112.68963680458,77.3655608831937,138.013442842102,"3B"
307021180,159.229518476961,145.932817401034,190.617187507005,122.659043659488,95.6913734357116,144.904904137898,"3C"
307021181,176.045475331371,160.028871677735,193.648023608935,149.766471396572,123.403814275397,175.340226345681,"3C"
307021182,161.068531895004,146.783904266206,176.103593868802,117.262124472352,101.645988301191,131.436471009514,"3B"
307021183,202.455229498581,154.558935207162,308.628539490605,153.398879004289,130.522695689735,165.715622410997,"3C"
307031184,156.52313458319,135.547482186967,167.532333122791,111.135494261693,84.6171513386184,127.275735026621,"3B"
307031185,148.121417368316,111.297921338888,161.246837413799,110.228829507468,79.7124545249295,135.779276268903,"3B"
307031186,164.063531404753,108.412285688946,169.877733715048,130.045293908086,76.6374089035434,147.882129680403,"3C"
307031187,170.159394408379,168.752777225048,172.763015444555,152.937033803655,150.511213870021,155.429592518053,"3C"
307031188,182.455342410111,163.857185406538,200.804049294586,168.240993731963,141.692448732735,201.920807790054,"3C"
307031189,151.236315419094,149.032597464351,158.751133249671,114.426544457844,110.256241046796,127.427901833331,"3B"
308011190,339.442570399429,274.598194494732,375.820937060191,281.511383516274,249.998015353529,312.385002350387,"4D"
308011191,348.917166978337,293.764584231011,373.293766292894,308.392923788036,236.917994920239,353.380476481183,"4D"
308011192,345.622864193805,345.040163174798,346.919310304589,286.899687600638,286.263055290253,291.04569164793,"4D"
308031205,310.903158821624,308.93787836211,312.445680884047,216.17953969443,214.426827596536,217.429130157858,"4C"
308031206,330.450024898747,310.909664318758,341.690314231095,219.821043262053,212.655498661999,229.312324465162,"4C"
308031207,338.180129167959,335.67958966704,340.782657774045,241.929450818458,238.692995914947,244.185229622541,"4D"
308031208,314.212642739514,312.418863627551,321.979764609951,219.085082600539,217.632463222154,225.633153771407,"4C"
308031209,326.238424562144,315.139686716944,330.183408145842,229.658621458717,219.277953713546,234.940754356597,"4C"
308031210,319.158153506368,313.032171136525,330.301145518284,217.049476645794,213.20208906044,226.911776605802,"4C"
308031211,313.428442048198,311.724635542815,316.919426812449,217.706902029971,216.554104564617,220.728252959881,"4C"
308031212,333.633273445288,324.991872073771,339.174676141179,231.414951269284,220.795359521978,238.616821465585,"4C"
308031213,315.775386244437,312.829763290884,324.751384134967,220.622403123269,218.046735066703,228.94171760828,"4C"
308031214,311.078460872772,308.848366092908,312.639990307126,216.618362114953,214.683402518183,217.923298429815,"4C"
308031215,314.935491017152,309.565017517396,321.246697378702,219.860900425101,215.271504378762,225.447757985971,"4C"
308031216,308.532202246308,306.300863901939,314.882492653057,213.686241188811,212.079123685094,216.493917810813,"4C"
308031217,310.287034452424,306.844445445797,315.61245189982,213.809055970741,212.161415726931,217.094727319183,"4C"
308031218,330.05946270279,315.230699477197,339.826980479844,228.885873202621,217.406380391896,243.275658763315,"4C"
308031219,327.456354529631,289.216327457315,359.788706283838,241.18781763973,206.281776425821,261.575552385458,"4D"
308031220,338.828896544936,309.899102516835,365.77034645693,244.245793957926,214.962329433018,266.200397477878,"4D"
308031221,341.404864060783,320.587287253392,358.865394487876,247.244463015791,231.919084818431,261.056725984762,"4D"
308031222,306.262553210515,305.179900546702,307.522957706157,212.027818832805,211.700126972191,213.120621115753,"4C"
308031223,339.479629032362,336.820153771785,343.849385114875,244.441360847124,240.977896005847,246.239019633337,"4D"
308041528,276.362927499021,229.144422978475,351.657245791218,241.912951477266,194.276044560217,283.222846549556,"4D"
308041529,272.600256849134,271.73760149391,275.916552860255,242.063047610448,241.084915574213,242.724110963088,"4D"
308051530,271.714394989288,234.686859711899,297.261814043971,219.065343043739,209.028198866656,242.404972164383,"4C"
308051531,226.836393799062,225.176031258605,234.66598732468,214.967614918203,211.932963255579,216.745261928275,"3C"
308051532,247.262217389303,232.401926099067,268.322656004045,214.67690364654,213.806751987216,216.059374435561,"4C"
308051533,236.422189125939,228.533853209034,251.069376925781,213.877136053668,212.974469169061,214.317541585879,"3C"
308051534,226.792433958767,226.286273050111,236.575784145181,215.728944456433,214.947458684094,216.433496716656,"3C"
308051535,271.259300303984,225.491429377038,353.700906613268,218.104690187357,210.625906339183,240.048073090912,"4C"
308051536,229.106545101815,227.365810861132,231.124102678107,214.594030657759,214.348176217525,214.986971838807,"3C"
308051537,225.731377441002,225.200481164928,228.458604674022,215.498349723805,214.112533788301,216.991162446757,"3C"
308051538,226.478334987687,225.379098543846,228.921119500709,214.182747534719,212.495742675234,215.025585742753,"3C"
308051539,229.894927076852,227.038139616789,233.264370343152,215.200275264415,214.795783764583,215.687096944931,"3C"
309011224,30.2240277592336,29.0792735864345,31.4684711054208,38.4377552318241,37.5439537913514,39.6842264619055,"1A"
309011225,40.982633199155,38.4784128219581,42.8768760828865,47.6477280947763,45.5804044575953,49.2174923374171,"1A"
309011226,38.9177163415445,35.9721706997807,40.5128217585037,45.9601276420201,43.4960706495618,47.2822132373573,"1A"
309011227,32.4131051360235,29.3848481020399,35.79111481698,40.4796396892636,37.8920878001387,43.323377214077,"1A"
309011228,33.5084159535135,31.560617387812,35.488170330653,41.416285736857,39.7028785998126,43.092224640592,"1A"
309011229,36.9777054583995,35.6018314873922,38.1154080612085,44.3394429543515,43.1915924715345,45.286034240086,"1A"
309021230,55.0946666271502,53.991421353019,55.7129556703883,58.8145698112544,57.9733142065234,59.2140865892106,"1A"
309021231,49.8998570024282,47.4189607386134,53.6120917095463,54.7959441629741,52.7907760139764,57.6778214524394,"1A"
309021232,48.7688796476781,47.0554601639407,50.7392079578785,53.9361933849007,52.5786878829119,55.4848625537562,"1A"
309021233,45.9873347215543,43.7213523227881,48.9132342318206,51.7099664586936,49.9022394773879,54.0222317710274,"1A"
309021234,44.2985512261506,42.1491400735974,47.1939584117661,50.3107833198585,48.6081301989939,52.65106124171,"1A"
309031235,28.9745931918207,28.5528318994451,29.4910307037981,33.1954908935298,32.5781733949959,34.0035516116058,"1A"
309031236,30.4370587974005,29.6859005614263,31.3411916651857,34.7149915777467,33.8168090979991,35.3142196502569,"1A"
309031237,31.8089822017064,29.5906521325953,33.4516885756891,34.2596096615953,32.7582343578891,34.9259764333638,"1A"
309031238,29.1428215657426,28.4099383198982,30.1783611040947,34.5871148647524,34.0474547286515,35.1753850498054,"1A"
309031239,34.7566453968117,33.6472822906863,38.5041518801679,35.7037563110219,34.9912034868806,37.4758348347423,"1A"
309031240,31.7760477667678,30.7998005742396,33.8621930753931,35.0990231629643,34.3315342447499,36.0399902343397,"1A"
309041241,50.305376157424,34.6697923514088,75.7132276894987,53.2126379200059,33.8468288472232,67.7073483600991,"1A"
309041242,58.5837258137044,40.8212884883266,114.244232390599,51.8631007048924,33.5220140693389,79.8434722993301,"1A"
309051243,52.1789495358939,43.246701586385,63.9840713766781,56.2751634576366,49.3917772083705,63.5627824681176,"1A"
309051244,41.1159281741752,35.7577658493266,55.3198740915017,47.0265503579671,42.3810837665716,57.8439803330998,"1A"
309051245,41.8959470981612,39.7180069818343,43.5115096047384,48.2125512500535,46.4345450148115,49.6958999382925,"1A"
309061246,30.4888147957658,29.0364911635324,32.4288083135004,37.2985268317569,35.5161945226115,39.6002386363386,"1A"
309061247,31.883798725491,30.9556306338529,32.9632420455421,37.483731410824,36.8447735777971,38.1057268268889,"1A"
309061248,32.1517551861787,29.2933546638802,38.8935524505393,36.3239702029862,33.2364500331165,41.3256473608913,"1A"
309061249,29.6269931388913,28.9093695801116,30.7362413634613,32.6231280062253,32.082061407505,34.0030359529726,"1A"
309061250,36.2683506198762,32.5771296656454,39.0464674513898,41.7255519883532,38.2191642335451,44.5565703544765,"1A"
309071251,34.0407433225387,32.0273126318031,40.0500971386903,32.2980566374969,31.2295153390783,36.297569498402,"1A"
309071252,30.4203434811121,29.0685696516765,33.3024580232499,32.2027053052054,31.6537164642292,34.4924352521896,"1A"
309071253,34.5394218110364,31.5597064736828,77.511380064409,34.17026811149,32.1175055532076,54.6552484912007,"1A"
309071254,45.2247730400771,36.0218588132591,82.9615425652203,34.2324231645167,27.1868720492491,52.7155461340275,"1A"
309071256,30.7747624673487,29.5481682436495,35.0501997663717,31.9733781968789,31.6082654428931,35.2712708201553,"1A"
309071552,39.8589159902924,38.6218244526473,44.4432361941586,29.5518953044178,26.5198442257573,30.0662938887799,"1A"
309071553,42.0554226093116,39.5073991880525,49.5758623202131,28.9506574733031,26.9688865552257,30.5829632620905,"1A"
309071554,36.0358957697081,34.678176842537,40.2884590696112,30.9570921719856,29.8834938664179,35.7118030559042,"1A"
309071555,34.4503439325348,34.0699107903062,35.126418136022,31.3474755746936,30.850253769189,31.968184777041,"1A"
309071556,39.6746237912647,31.7392384971377,50.0790631713878,33.1424196463056,30.8606655489917,38.9479270374727,"1A"
309071557,33.3178684862389,32.1262336829924,35.3343895031003,31.4615230696575,31.0115304214081,32.1926834471524,"1A"
309071558,37.427946342176,34.7392314990557,44.258965959656,30.9395951505351,30.0880984215187,33.1537395307225,"1A"
309081259,31.790072208311,30.6525751716479,33.4157501385747,39.6562171598102,38.6450501460976,41.0783132743597,"1A"
309081260,33.5735313260184,32.1219681487567,35.1782502443618,40.6116825936723,39.5663187995642,42.0162304453978,"1A"
309081262,38.175300746632,36.7682287846675,40.0254755864019,45.3103264191731,44.111577583046,46.817808439737,"1A"
309081559,35.6784331404548,33.0001315176752,38.6374821576952,43.1930700479201,40.8526256455599,45.5036033177988,"1A"
309081560,35.8019668097939,34.2391902163797,37.4994648580706,43.0435716035733,41.6679014173953,44.3551350381488,"1A"
309091263,27.9439502533739,27.3262146860885,29.433532891801,34.9643326862481,34.4889379480919,35.4960225221811,"1A"
309091264,28.1323140480674,27.7334027688291,28.8342386145084,34.2839982431005,33.9153730758256,34.5664718680987,"1A"
309091265,28.4073184501831,28.0759469394555,28.87358180541,33.6256555354566,33.2098832560101,33.9072889181002,"1A"
309091540,27.8932858489858,27.4440519742163,28.6371354680281,34.6363198254219,33.959966308063,35.0071587015159,"1A"
309091541,27.1201899122381,26.4871749988194,27.3859463711671,34.795004204861,34.4260505049426,35.2956254205429,"1A"
309101267,28.6063598203633,27.4336390952577,29.8732499272783,36.1001176802075,35.4497484827302,37.8281146766,"1A"
309101268,28.4680531705978,27.0878280219729,29.8428807738421,36.837431037975,35.4567156871899,38.0438173812975,"1A"
309101269,27.2370257439475,26.9453339620147,31.5259311207204,35.2991736640843,35.0887472830827,36.0159772564251,"1A"
309101561,26.5473110053385,26.1339792586118,27.5272012776036,35.3781468593249,34.8909340026235,36.2767007841679,"1A"
309101562,28.2063509811512,27.1646198661874,29.5803228278104,36.8631296594928,35.8441923045234,38.0564656615411,"1A"
310011271,26.630171132396,24.7662380798004,28.9683017444179,17.5118869498936,16.4608348024457,18.9061642745532,"1A"
310011272,26.8591489224087,25.2718197567284,28.1222511963614,17.0027150437282,16.3015073308161,17.5547776194076,"1A"
310011274,28.4219335914507,26.015205982962,30.3629781517389,17.9965367682994,16.8661756912193,19.3381977818401,"1A"
310011275,23.9469338905375,22.3427281082338,25.4829819971513,15.9801613657239,15.0162550172714,16.5503146008708,"1A"
310011276,31.8738096178153,28.4827653210564,33.4808050078003,20.3558537264738,18.5091112740953,21.4427737278595,"1A"
310011563,29.8455642593059,28.9917064983244,30.9834093254746,18.5480927013461,18.0324136523678,19.2540579893922,"1A"
310011564,31.7028847781738,29.7415122238435,33.3894389699835,19.8294981507185,18.8070052602617,20.9871742725926,"1A"
310021277,105.913340989893,55.0326239963971,140.737563353661,63.6626685521331,37.9874713663355,100.822983838052,"2B"
310021278,132.605528481766,67.0622225715203,157.848637546378,68.9607522467805,44.1825517824245,98.6168274978572,"3B"
310021279,64.6695127965303,47.6385394490476,92.6740319055498,37.5144134667333,29.7144964628255,46.9357188034513,"2A"
310021280,113.624657003649,65.8311247204257,130.982582386936,61.1558115410451,48.3393363966084,76.2943604104761,"2B"
310021281,92.655563439988,59.4535719852208,130.369323903965,48.6457117021632,36.7896167431589,65.8593838192851,"2A"
310021282,62.0349817276601,51.0071742407533,120.709472008805,44.4499966777526,35.3179668879269,66.9752189509641,"2A"
310031283,54.1890100287906,52.6767584005158,57.1877436337257,34.3414397534864,33.297358956852,35.9504737392057,"1A"
310031284,45.0156848394483,42.2065931069983,48.1696875705664,28.7972873663164,26.7218780420577,30.5344815938848,"1A"
310031285,49.8885827846485,49.1811673084349,51.3108163929925,34.2535443063695,33.6224088758561,36.3484187967792,"1A"
310031286,50.8669085255339,48.8612518846073,52.4977958980473,33.2829469819203,32.2414600165218,34.3021597943037,"1A"
310031287,48.1166568395923,46.3160395395215,50.3648958503799,31.2034156084961,29.7215456318037,32.5783183688042,"1A"
310031288,60.0214432176375,49.0697434664423,78.0074032902714,35.1042682610678,29.6011322356929,38.7158814333068,"2A"
310031289,43.1674393968547,40.1609514864371,47.8325975878512,26.7252371517304,25.0492325402353,29.0611953958224,"1A"
310031290,48.1682225078622,42.3384174691257,71.8742728811249,28.6304955009531,25.9387814907016,36.0745513604866,"1A"
310031291,52.1955258100745,50.4797277098469,58.1867661134465,35.0253588058787,34.3208327136936,38.2325874100479,"1A"
310031292,51.3204448163472,48.3075760017437,53.2262291218634,32.3552438788189,29.8096822368133,32.9601492636178,"1A"
310031293,48.1130004057604,46.6675563652718,49.3166201333302,32.4149719177358,30.9134176295677,33.6208453905176,"1A"
310031294,47.7124464249395,43.1566759981351,53.411682620196,32.1220880289097,27.9932877284763,36.8996925284549,"1A"
310031295,40.8125078089647,39.4726757392653,44.2417674533758,25.9941903478697,25.1899132118851,27.636795902633,"1A"
310041297,35.2966828804935,33.3667346325099,37.098650143104,22.4281893168329,21.3114167376855,23.7251106798245,"1A"
310041298,33.7306164024829,33.4800869324557,34.1702286411509,21.4130812704993,21.26840422058,21.7672974457989,"1A"
310041299,39.6790358645696,36.6336950165651,41.7289786673393,25.5344167307259,23.3468428896991,27.0995601461758,"1A"
310041300,36.5448805966133,34.9093029095452,38.4241208120291,23.4178112937502,22.3302801268204,24.7044511037286,"1A"
310041301,42.6665030410379,41.6661754430756,43.8209519886345,27.4750543329662,26.5231815799297,28.467702173145,"1A"
310041302,41.6208399927757,39.0980402318875,44.0870628081058,27.0913197649472,25.1838101959306,29.1210930522626,"1A"
310041303,37.7387310549693,36.6204092229724,39.6935141043174,23.9919163490808,23.2902344087455,25.302293374532,"1A"
310041304,40.3550226539492,37.947023943967,43.4787071091702,25.5522693450345,23.9837475163325,28.2621587923556,"1A"
310041565,39.9679448317999,38.4908804985428,41.8730884052422,25.7774001683852,24.7052862433275,27.1728557256234,"1A"
310041566,38.5829159783873,36.8472055964544,40.2897179420123,24.8270447967765,23.581918533967,26.0713958541962,"1A"
311011305,110.763368941435,53.8149313465871,140.845299543619,68.2900681020978,40.5345951756933,93.7640880649963,"2B"
311021306,43.2210412458484,42.4956604624149,44.2591829698724,25.5548726346178,24.8250615383794,26.3808983501015,"1A"
311021307,42.9220715791388,42.2109003922388,45.4688035448116,25.909580397461,24.890776574131,27.8369646339725,"1A"
311021308,43.0458485814645,42.4416122024664,44.7519386546774,24.4378545287595,23.9212314967872,25.3204268177838,"1A"
311021309,43.4401129053381,43.1604996353383,43.9377291766199,26.580005899116,26.0629654564378,27.1067969288659,"1A"
311021310,45.527639574002,44.2028411435456,50.8275436303886,27.0272418899567,25.3487797452966,30.1382528143644,"1A"
311031311,40.8547522943763,38.4086671102899,45.7197880116159,23.289510117638,22.1778817038683,25.6641109961871,"1A"
311031312,36.4640377874141,35.3886720831385,37.9397857297901,20.64925419437,20.1625417383156,21.3317284729178,"1A"
311031313,48.0289018349723,42.4021028428612,53.2912647768189,25.8040745929367,22.970148481547,28.9142104295364,"1A"
311031314,41.1311540452351,38.4409901635541,42.5094410779573,22.4680146811186,21.3229445196205,23.0563281137748,"1A"
311031315,37.4276359311978,33.3952737615995,43.023527390387,22.8423360944749,20.6764052499042,25.9132654752012,"1A"
311031316,36.2896438416045,34.9454489693076,38.0044549152943,21.1667342922735,20.6682421917689,22.0223400910019,"1A"
311031317,39.4642410476985,37.1071201655623,40.9266049195201,21.6247436926902,20.58100500508,22.2871871603135,"1A"
311031318,46.0833935790093,43.7050269366428,48.6935022056147,26.3946736881675,24.6526609301907,27.9046249208686,"1A"
311031319,38.6222709014951,36.6502875888571,41.1366496932599,21.8082419835607,20.9793139463534,22.8038862886866,"1A"
311041322,52.9214849173327,45.2860619175733,57.8109542598535,28.8241188309244,24.5555416041299,32.449803333779,"1A"
311041567,55.0934862297816,52.0111138543184,59.4554282536659,35.0059669446536,32.1822326563104,37.7569727498322,"1A"
311041568,54.2130253754932,43.3818391907757,74.4478453402058,34.7745683048661,27.4528176163742,44.3763819170954,"1A"
311041569,46.3534469864186,38.5968970194623,52.1340552445305,28.1161254013509,24.068488858761,32.6707374864149,"1A"
311041570,59.2398472415863,51.8081531758177,66.4369630384722,37.3564825175907,30.9696750094633,44.0534428295988,"1A"
311041571,56.4087944959834,49.9419013525811,58.7231661175269,31.6768337799807,30.3491304964222,35.6862586669847,"1A"
311051323,42.1260532454318,40.6370134198527,44.9971732898481,23.5295712164281,22.5507316173606,24.8713722721063,"1A"
311051324,42.3789715188242,41.05354496966,58.4938967353658,24.8762696056294,23.485085059508,33.3525814465872,"1A"
311051325,41.3244213369039,40.058838992788,42.4593049377522,23.5666655259139,22.4400110300129,24.7448725892144,"1A"
311051326,40.0239881656385,38.1837024146789,41.3163007979421,22.0837011419031,21.0676680700282,22.6632360214321,"1A"
311051327,40.3575552644402,39.3729923871571,41.0592639779978,22.6854350723247,21.9209917668362,23.3168021872214,"1A"
311051328,41.7387411063879,40.5151312148382,43.055881902336,22.7179382222306,22.1343678116763,23.600214219957,"1A"
311061329,38.319197459927,37.312426101685,39.8097562234339,21.2559397788081,20.6880577498856,22.158458462273,"1A"
311061330,37.663787514714,36.822308510815,39.7081599073946,20.7764448959033,20.3827402432332,21.7487246586053,"1A"
311061331,36.2255825307019,35.4903455836931,37.278888251793,20.1559916409011,19.775020670932,20.5940293080937,"1A"
311061332,34.9942683114101,32.8553753792266,41.3815957923281,19.6614036361366,18.6871964051678,22.66853847198,"1A"
311061333,37.0057414194174,35.4576877056855,39.6840038486827,20.4850804709263,19.7686714475736,22.1636676921211,"1A"
311061334,36.5179495434365,35.0285483899613,37.7411054958948,20.2961714617983,19.6126823015809,20.9277932546205,"1A"
311061335,33.3476311490501,32.3026759717507,34.7845941676587,18.8742427616926,18.4495747744267,19.4737915404389,"1A"
311061336,34.710257193363,33.2660877841748,36.1835322381103,19.4275549712786,18.805341262097,20.0975627664337,"1A"
312011337,182.947128326876,182.15850947097,185.931903974732,135.445997382245,132.820144984008,139.262422095549,"3C"
312011338,264.555661497471,210.071104592205,350.718335958212,219.942642355095,143.514502303129,290.59669210742,"4C"
312011339,283.277326312558,225.136252671394,352.870177269929,250.718828835041,204.874325138843,304.97500909292,"4D"
312011340,196.38427245872,145.091993553823,241.51587436479,170.218411193819,90.4199196355493,215.602498435619,"3C"
312011341,242.731044483013,223.917832113706,261.40393215677,229.766880795022,205.609689717634,245.239324504994,"4C"
312021342,209.742869805721,207.267111697736,212.059275345023,146.998595871081,144.499859638272,148.95687029721,"3C"
312021343,205.768067622799,205.133846307239,212.102902274108,144.201311710733,143.175806648722,147.222372377895,"3C"
312021344,214.082087459097,211.314875833962,215.831309102386,149.52462681523,146.254349133398,151.259122570456,"3C"
312021345,234.19551492853,211.612183735105,243.581540762575,163.283500917509,148.135713111104,175.188897225555,"3C"
312021346,203.749661370828,202.644168773524,205.366079197091,143.643492737997,143.04037259987,144.516139512526,"3C"
312021347,209.405099605006,207.615395164225,211.283292129411,147.211247986716,146.075714210332,148.771455135281,"3C"
312021348,206.265623991162,203.291832436474,213.869867713767,143.287920481021,140.270488871829,146.755344076702,"3C"
312021349,206.418723577934,203.822984936424,208.530677199076,144.97466595041,143.305662506989,146.723425190082,"3C"
312021350,205.369128748871,202.841353038131,210.425915864199,141.027509294745,140.270996375983,142.607712734324,"3C"
312021351,234.330554429783,216.288949479483,243.847840908924,153.748043070053,141.662855085214,169.092709515305,"3C"
312021352,241.48941189465,217.988310579805,255.358331608513,155.906569028458,140.276910719734,176.539611808467,"4C"
312021353,237.01472719426,207.224856749851,265.81802734652,145.537360654686,140.125989554227,196.579108967624,"3C"
312021354,216.238544981291,214.156933804131,217.931600363049,150.297580216973,148.356990448635,151.581101122813,"3C"
312021355,212.655430196668,211.045139501395,213.954908805404,149.789278553467,148.438054030031,150.950880611672,"3C"
312021356,203.177740403983,202.014094528451,205.57270221384,142.767779688556,141.860263831156,143.789098060501,"3C"
312021357,216.234869803349,205.090150002536,229.277324944147,140.977573505616,139.796786345599,150.190934066848,"3C"
312021358,201.901773820697,201.341050588597,202.702395174145,142.223978043004,141.616054163863,142.905465783813,"3C"
312031359,197.204721577246,192.193049640216,239.431882648342,181.749365394731,145.584393727151,201.247865408982,"3C"
312031360,209.358562983005,196.322878433774,231.26180438162,162.799752257663,147.770696514705,177.024789257237,"3C"
312031361,200.203101118098,192.928113866463,241.312156671574,146.125483149288,141.00734174851,157.810705935289,"3C"
313011362,60.3195348628499,55.8634225955655,68.3207958511966,41.2885243273613,38.2736082325822,48.3913190251767,"2A"
313011363,73.3864607284641,67.4013245061255,111.233768338467,49.1072911323384,43.0282895436819,56.2646248727639,"2A"
313021364,53.9532800898206,52.2305140934785,56.0573229891419,37.5706302060956,36.7325386582028,38.2714605734365,"1A"
313021366,54.0042106449862,52.861018299738,54.8438938143426,38.2699662292282,37.5255467909552,38.8077721128071,"1A"
313021367,58.4486076117162,55.7841741799813,67.0514418708297,39.2602842417634,38.7609437141723,41.9332874369104,"1A"
313021368,53.3662224052176,52.826713768188,54.1425740593403,37.6610045972537,37.3371044706133,38.1559408846018,"1A"
313021369,59.7145520775176,54.7052407631222,66.7995967480876,41.0630400212394,38.8206423099335,43.5204106900462,"1A"
313021572,55.1131193517937,54.2250032849677,57.8682664003373,38.4986394873577,38.103632768487,39.8833930092229,"1A"
313021573,55.0840796144994,54.1467155109428,57.6528332299329,38.7991571053077,38.2367247295444,39.8877093331845,"1A"
313031370,146.347895033396,89.5069663293276,156.749005050669,80.1808242547091,51.5835482880541,107.509776731836,"3B"
313031371,85.8260196692081,61.62506751633,129.748187271216,47.845809294639,42.2629222592594,55.6740320284811,"2A"
313041372,50.7595320234684,49.0424269675153,52.6765920329507,36.3208210868222,35.2679118586176,37.2140094993013,"1A"
313041373,49.9757212698743,46.8599230659178,53.8181606691218,35.7055959713442,34.0912436585317,37.2605385871813,"1A"
313041374,52.5322377391542,51.3504628999399,53.9397544885647,37.6004515473576,37.0008114951129,38.5524094586459,"1A"
313041375,49.2826605785917,45.6754961730354,57.2238476682849,35.6344469908896,33.4766984445943,40.3325899660201,"1A"
313041376,55.6165469295054,53.4466525138066,63.9758664977405,39.4789013014014,38.039267309409,43.6742391395139,"1A"
313051377,46.6975654468119,44.3912166909532,48.911744445702,35.604389972892,34.0866566423255,36.8327067435047,"1A"
313051378,48.9840554393339,46.8816791769404,51.0222216617296,37.1320015159987,35.8444936959272,38.6151354586458,"1A"
313051379,52.1732472394556,50.1969944413532,54.1810930601583,39.0647485007868,37.7948155951104,40.4492501427804,"1A"
313051380,49.4225052316377,46.925886504375,51.6152034310091,36.5591701441243,34.6808575171881,38.3459423677389,"1A"
313051574,102.86855233596,96.3576337595826,111.669865517117,78.3175232725271,72.4797736213573,90.3016568718583,"2B"
313051575,54.3460003241743,50.2518199762481,56.8111004702785,40.1966605090828,36.9983395466551,41.7262510565399,"1A"
314011382,26.6450066816263,23.0234654090204,29.1227651707891,21.5311691109761,19.7987151428177,23.0630884538327,"1A"
314011383,37.4312609243498,31.3707515940033,46.5319614545825,27.9501043553296,24.2826976906505,33.6947889162919,"1A"
314011384,60.3849380976563,40.4650208132649,86.7395129686536,41.803369497609,29.8845468877224,49.3783194461811,"2A"
314011385,31.6776361155464,29.6192636148343,36.0424464717668,24.1201499884799,22.8712910993743,26.1852395370448,"1A"
314011386,24.0859283688688,18.2620125713029,33.5871584424536,19.1492625236101,16.7826516085976,23.5196172939147,"1A"
314011387,44.1433709927433,33.4988567957635,66.5112480704093,30.8760432849784,22.936990847043,44.0529213524266,"1A"
314021389,39.4606144655731,34.8148911353049,43.0299528217972,30.3329112006609,27.8055220917275,32.6762355711545,"1A"
314021576,44.3689824331988,43.6594388398423,45.8069240138324,32.770907723124,32.3876283877572,33.5480947643523,"1A"
314021577,42.036707425503,39.6746464497123,43.7209902409173,31.5228189053656,30.1468048291974,32.4838641815646,"1A"
314021578,44.4177501688376,42.0247549373425,47.5622939560077,33.3217034500461,31.8501751175004,35.1929524459466,"1A"
314021579,45.6650234787403,42.935509018896,47.4968041365127,33.5612336681212,32.1867418140184,34.6838890594769,"1A"
314031391,35.9805222045772,34.6806994968129,37.985819671021,27.6364451800208,26.9276584631795,28.6908530707805,"1A"
314031392,37.5735506181789,35.8936843070497,39.7509065617924,28.6055101804171,27.9663152061835,29.8966524044354,"1A"
314031393,39.9802115288416,37.3210882396823,41.6029846181653,30.1852249156192,28.7753145039983,31.1144528066251,"1A"
314031394,33.7543140940568,28.457012000413,35.9515378637729,26.3476334553018,23.4421033318846,28.026816702657,"1A"
315011395,395.243609220556,380.91526720414,414.913144263135,667.596624775615,576.040051936121,718.608344162692,"5E"
315011396,362.716995366778,211.691615797133,454.542370002899,540.111246374697,243.04850109655,872.72922324952,"5E"
315011397,313.582802804697,208.160378304664,347.044840567391,342.039310134294,172.274120776953,516.330380299887,"4D"
315011398,375.635959217134,361.213563921583,389.343230521489,596.675387374928,554.404152443585,754.060488679007,"5E"
315011399,440.584689254827,417.571924255672,450.846049611672,831.253617899708,818.176469086826,909.322221663518,"5E"
315011400,254.693515167497,175.868361250332,333.720110258878,329.410003494461,157.335840192052,544.488913845514,"4D"
315011401,448.309693065292,327.895817427889,493.183074613349,889.188264294836,832.565181697285,1238.43060881206,"5E"
315011402,440.649570351506,361.496358797325,533.920185756708,1009.72153671551,934.498339856287,1267.36446119707,"5E"
315011403,410.932415135509,410.455667147786,411.392556963928,713.01104429971,711.799864886381,713.778797146038,"5E"
315021404,352.8840687656,323.69697156803,387.050621687201,610.050916821841,364.220637207463,888.090360799191,"4E"
315021405,321.405813319729,321.033084207459,322.756990928817,514.78570561727,510.250941594493,517.071844571567,"4E"
315021406,337.620235654964,321.401835622039,362.972701629617,506.712125769892,392.54476007049,682.06727699433,"4E"
315021407,324.660041669209,241.804143860624,345.910113622893,330.311763759092,189.600627906469,458.810596879515,"4D"
315031408,367.776452823028,284.032158692247,388.661157564444,338.480282783575,243.123698128709,391.35435209405,"5D"
315031409,332.674213406646,309.227426838555,357.326194655233,328.352922474673,268.599635489354,406.481745109681,"4D"
315031410,387.948537214659,324.104836065976,488.806933027494,547.659077811148,260.753731130849,795.452566390679,"5E"
315031411,372.016894466444,327.320186170107,410.988697941158,500.661352156975,293.085548921407,712.742065914246,"5E"
315031412,387.154608221256,362.254812667999,398.977530735026,308.387275058833,261.919288634212,409.606178212701,"5D"
316011413,147.655083136963,145.808825299334,149.706919153318,48.8514211904198,46.6505829504418,50.7494470578916,"3A"
316011414,145.468599417094,142.539090796135,148.296528760019,48.174787202173,43.5101449914583,50.8093396878827,"3A"
316011415,142.697007890002,140.768918516067,144.184884682254,49.7564038389303,48.7345953113498,50.9269177132147,"3A"
316011416,142.269022669297,138.133840679897,144.256378149445,46.4611495805422,45.0617222177844,50.231009000623,"3A"
316021417,129.809922174877,126.352104642693,132.673731483605,48.2113684683837,47.1515521529207,49.9409810651218,"3A"
316021418,141.617715549194,140.073794963159,143.089809763474,52.1474833792428,51.2992551258997,53.3752267096312,"3A"
316021419,122.455520470992,121.32666010857,125.751040198008,48.8112186199577,47.4826225101693,49.9951656737862,"3A"
316021421,116.28857112529,111.537939167614,121.863535689234,46.4932858824337,44.140281883536,47.6057490846715,"2A"
316021422,125.843426756316,122.856222380695,128.848442739485,49.2972820382166,48.5866423321235,49.9962699277024,"3A"
316021423,139.089077649303,134.682460392981,141.528193810172,50.9260816805845,49.82298058402,51.813360551615,"3A"
316021424,132.768246337415,131.110068531947,136.099560870667,49.4232674555074,48.4266726563538,50.2899094323728,"3A"
316021580,124.921905038117,111.758462615956,136.289177871939,44.4162769480888,41.4512830878616,46.8494348153346,"3A"
316021581,131.216179402921,125.396707714957,137.315042920272,46.4148840744796,43.2127126003703,48.7307961979022,"3A"
316031425,158.084925914019,155.683416835109,161.226316291314,59.5055508271065,56.7729859709575,62.8129319862209,"3A"
316031426,152.170231314988,149.431378163239,155.594432063543,54.1289081520006,51.4397792437095,57.3246449462378,"3A"
316031427,148.819931916664,146.909446643879,150.066580446249,51.4158495332242,49.5003697489738,52.790404276657,"3A"
316031428,144.784914109169,142.646339006154,146.682235328788,51.8052326552604,51.1493107508581,52.7217908761994,"3A"
316051434,169.239836770791,167.603861293617,169.56907874652,72.4753865254928,70.1649628741625,75.3301258539557,"3B"
316051435,168.958302801351,163.278257313028,169.637988806147,70.252406469266,65.2971952566786,72.1960033945868,"3B"
316051437,169.393748881321,167.326776805827,169.867928113734,71.9680138962555,69.2221157862441,73.5328979337227,"3B"
316051438,169.924407702014,164.122140400831,172.22867399494,70.3292704349409,66.9542031477146,74.4553125402172,"3B"
316051543,163.776196430428,161.344636240526,166.478270518832,65.8450197870422,63.325182669526,68.7904510764649,"3B"
316051544,161.074102571496,160.314663760033,161.978842860777,62.3120580096185,61.1709188993303,63.6647100022449,"3B"
316061439,111.120453225608,89.8183202765266,135.580366704689,41.9847838980177,40.1409291081285,46.1032491897694,"2A"
316061440,140.48702557528,116.747369045794,167.281231082653,50.5339511130521,41.9306187951378,67.3324271344914,"3A"
316061441,71.7258919171989,60.5917254391768,98.2592284945352,40.3939174714312,38.9693098674285,43.7069387247323,"2A"
316061442,142.377956812123,114.763970150996,147.800843370981,41.5765002590441,40.2174254285389,48.0411969577279,"3A"
316061443,142.462487079504,127.293111898051,163.322808242875,61.5764853689246,51.8623980274664,71.2237033647921,"3B"
316061444,151.533635407087,143.703617036318,162.87218721967,47.8658445038365,42.6886885984934,51.9115307469726,"3A"
316071545,154.007331563776,151.667948540396,156.058852955185,52.1363061669393,50.7870710452808,55.2439450355751,"3A"
316071546,150.888138097338,149.441490299274,152.91476827247,49.6348029145223,47.8951911670376,51.0073635478009,"3A"
316071547,157.962122379878,148.460750237232,162.110488305431,57.6466357601665,52.2858385215966,62.321032160415,"3A"
316071548,150.467225523637,142.504371304212,153.211131390755,51.0402536833584,47.6622579763736,54.5967294023917,"3A"
316081549,149.71544582935,137.793125113337,174.682639439673,68.2284054747213,60.1952808169156,88.861657805066,"3B"
317011445,145.44387010787,138.13937721705,153.844411243591,103.02078456657,90.8023556404331,111.236478052892,"3B"
317011446,136.30975069463,134.929335244054,138.722849179536,92.2030219401962,89.9933362930715,95.6197605249214,"3B"
317011447,135.9309181256,134.619843254393,140.181583138614,92.2103778256313,90.7328807681877,97.7879486648391,"3B"
317011448,122.770152097508,93.6548336356206,128.977145655392,63.454938208412,59.2251358359574,67.5674096776542,"3B"
317011449,150.062728951362,144.074503460808,156.568540627426,99.0585634802516,93.9805909306773,105.612528818417,"3B"
317011450,150.145286908422,141.826307191046,159.949501041608,96.195554846308,89.8134982937645,106.248234754759,"3B"
317011451,136.545543718611,107.004808656785,156.453824391185,76.8517877633218,61.3517930632688,92.8830473476064,"3B"
317011452,136.291766507178,135.572279018008,137.385580167299,89.7428753238885,86.6581607032502,91.2222030187758,"3B"
317011453,135.719968797654,134.203985534149,137.063771906201,90.8212308270424,90.0519380067117,92.4491664974272,"3B"
317011454,136.791667690474,135.143476859048,140.908173509966,89.028793513591,88.3029838520935,91.3424199031945,"3B"
317011455,136.042352381052,134.710889207622,138.325582396532,86.9081369190726,82.3992146625081,87.9544564952778,"3B"
317011456,134.546196695898,133.13848663489,135.682831541295,89.0512574959179,87.9465730754744,90.8359852153847,"3B"
317011457,135.97128827358,133.665553632503,140.468418280523,87.4808876324656,84.4908532373266,88.5559276550366,"3B"
317011458,142.159432483892,137.057253579859,148.636630077078,96.0257915575668,92.5008384088887,102.410146633389,"3B"
317011459,138.31236541164,136.452674842105,143.638125539452,91.8353998689763,90.3103814334881,93.7943585299398,"3B"
318011460,136.342190180218,132.702951485751,138.966471198333,64.8377478408034,60.1721594076921,70.8289842786598,"3B"
318011461,133.675477327524,45.0721653566463,171.902684740678,73.6116434596756,30.3315245799893,133.150540503046,"3B"
318011462,151.274357637499,145.074819411879,154.182975700741,89.7245738667341,84.8742067636331,92.533288434666,"3B"
318011463,199.296608929901,39.3028759315243,309.680874818464,148.43748793358,17.3880648523673,272.45913995784,"3C"
318011464,140.556730477061,138.553497805665,141.484668095473,76.2806863538331,74.6900088073828,78.3931254982995,"3B"
318011465,141.024994164229,88.9015540924661,153.997546147794,81.7746780938561,57.7441855168357,189.96571797298,"3B"
318011466,127.583182427636,104.668348346385,135.161602092378,242.462714826276,166.606648766668,262.91501924011,"3D"
318021467,23.231677730637,22.9169858539051,23.8494390620098,13.4058913291876,12.9957741871114,14.204268970526,"1A"
318021468,24.4113995825037,22.8866396457958,26.8144512628153,13.7341771962475,12.4502100168643,15.1077761971187,"1A"
318021469,33.5117477399563,27.0612044281528,43.268601071995,23.1081030812416,18.5708339821405,32.235074606685,"1A"
318021470,27.8031511584238,23.5454650918172,34.8092949639179,13.8366663288917,12.1406113146882,15.7539816575913,"1A"
318021471,23.8792872948906,22.7762762963612,28.1204601429678,11.7367389736542,11.6284075795616,13.022754530523,"1A"
318021472,22.653870793664,22.5826271221784,22.9060142728709,12.7148140532976,12.233715253676,13.3228733230679,"1A"
318021474,23.8934133704337,22.6655584197184,29.2611502881446,12.3943385141612,11.6410191912155,14.5413651488873,"1A"
318021475,27.4501129826218,23.908143028477,31.376266918033,17.6772424990822,14.8708534053314,20.9377765363865,"1A"
318021476,24.0352276782363,23.2087441006208,25.8273380692433,14.765119004138,13.7753077551183,16.1348472007093,"1A"
318021477,22.9391885189252,22.6202281173076,23.3456381852137,13.4704673998828,12.8350115675353,14.1311964832141,"1A"
318021478,26.7506584159095,25.6591684680121,29.4712274046451,15.9289734751656,15.068656486803,17.8136895833313,"1A"
318021479,25.8117694842589,24.8396785447482,27.4044865042998,15.8766049717855,14.9738701530425,17.0558510437741,"1A"
318021480,30.910194602039,24.8575857602975,43.9924641662898,13.7450641927462,11.7433311319575,19.3436936379563,"1A"
318021481,22.6177094209713,22.568943104355,22.8510783725048,12.6155635482464,12.0988514414339,13.4138399044309,"1A"
318021482,22.9322241680459,22.6710541512139,23.6363897533212,12.4333908195958,11.9595650786852,13.2996716505168,"1A"
318021483,107.094592170606,81.4354543622258,110.549282439689,64.6096195249322,54.1348391340273,74.8792630828226,"2B"
318021484,23.6140466016249,23.0002865654383,32.2532291686546,14.494904553467,12.9859108329427,23.008519669917,"1A"
318021485,24.5070397183886,23.8114569433932,25.5450086261708,14.4555164650232,13.7400885924562,15.1724294870913,"1A"
318021486,47.3519610858125,29.8605653861997,105.773665249763,28.3638617372042,15.2080230458797,83.4418165751215,"1A"
318021487,28.636569758247,26.7367581102481,31.2628736567053,16.7633968075747,15.4849721522639,18.3520278123915,"1A"
318021488,33.46546772625,29.7037371637341,52.9670150455282,20.3425672095751,18.2694409131543,30.8953384974571,"1A"
318021489,52.3504448901547,27.5927036885737,89.0578273384198,28.7693796190649,13.0469136577935,64.4189237514159,"1A"
318021490,35.8581401497441,30.4118472214541,43.1080352427452,22.4517472936747,19.099141561492,25.7571823378516,"1A"
318021491,29.6660844759694,25.9773954763076,45.6245238509218,16.6508461645982,13.6483396129755,27.3249456599002,"1A"
318021582,31.3161041172491,25.3955199644651,37.4562269399925,20.1858398335244,15.6040091141026,26.5373209029698,"1A"
318021583,28.3626312550994,26.3603490234929,31.5743128859029,16.1731905192354,14.6294492789793,18.1222481526959,"1A"
319011492,286.202670169442,284.85765304561,289.899141507686,189.033581490092,188.592490238544,190.220318275103,"4C"
319011493,293.747640873653,286.986102235174,299.566287613043,193.21044892516,186.7154473795,198.283496175384,"4C"
319011494,291.301035620932,286.146018192213,293.384413725901,185.623676160702,182.334896811987,189.09539973197,"4C"
319011495,282.509575463667,281.178350933992,284.561040270537,189.098892378274,188.417142902567,189.52390430285,"4C"
319011496,286.43372811917,283.91209168984,288.58882391041,191.005819963659,190.051625668649,192.728992244499,"4C"
319011497,284.484530831845,281.862643740419,290.010874385873,192.381564916929,190.0837958764,197.875945538622,"4C"
319011498,297.525473704675,287.201120805009,309.122274913387,202.214226500987,177.919377379948,220.161353401072,"4C"
319011499,303.714544293045,230.902220538249,338.722464999969,164.605023838913,133.988413769375,190.34270203245,"4C"
319011500,285.512349757629,282.945856174696,287.64392734026,188.899814528566,187.525369736519,190.305698785472,"4C"
319011501,284.066128347574,282.832381023301,285.940865252451,187.935831443141,187.046336636693,188.562674243011,"4C"
319011502,286.483310504679,283.484177198437,290.849403048046,187.993005611919,185.605892249286,188.694204278897,"4C"
319021503,217.163154649018,174.322341415279,268.631463009732,176.86040752523,126.909578458516,211.730365364709,"3C"
319021504,272.243308580894,224.446415634348,313.833380100085,207.785697458715,164.401860759203,227.607500646047,"4C"
319021505,164.875055122143,162.784447288222,167.931455842901,128.307565432503,125.204887731669,133.720042632743,"3C"
319021506,185.65832968934,162.359523566031,276.520287697051,153.370105188898,109.543213883842,175.686496921938,"3C"
319021507,177.921027973838,156.283256328405,258.051540047208,144.878062357292,115.483048336474,163.878081492669,"3C"
319021508,236.046555211837,215.023361125419,276.696515581265,226.937451137818,177.367272259176,242.92447410186,"3C"
319021509,158.017566346727,151.784447897247,168.747796326539,116.556959141492,93.6025911815921,145.633817586643,"3B"
319021510,255.685468678134,250.006043139474,261.390551954473,223.789765173888,219.635371428216,228.986385843704,"4C"
319031511,159.807160360213,144.534610857302,221.689772257403,93.00258684811,76.1005353219084,109.478856985147,"3B"
319031512,162.145788099867,154.103550234957,179.561025822325,61.8984435868481,60.9418039436524,66.7460276422632,"3B"
319031513,158.49079115316,153.999054140559,162.178165239877,61.4122447425663,61.0627455021772,63.1247609093698,"3B"
319031514,153.893644380511,140.180963202803,247.887662898825,71.1306811833407,61.4445308369035,98.3726589161023,"3B"
319031515,170.60186683203,151.595996668248,210.533066035983,98.8944531150541,72.182483230029,144.497551721997,"3B"
319041516,201.385908957328,198.129592897753,207.276018917027,141.450277349878,134.441942937879,148.484384789843,"3C"
319041517,203.619797485447,199.965893618132,204.852781213597,141.806329429373,138.266770408314,145.067571383777,"3C"
319041518,201.487888421942,199.91427288645,203.810397700279,146.353238383627,144.394072635588,148.323067854339,"3C"
319041519,204.40158787509,203.191665356964,206.012626018846,148.584254310981,147.756974156444,149.905787067347,"3C"
319041520,200.781284005695,199.801557715198,201.960919010977,148.571456514197,145.160224498695,150.901145898147,"3C"
319041521,201.576957966649,199.980908211679,202.999700230113,149.990281551078,145.135936964349,151.556863744652,"3C"
319051522,213.336926394408,169.569417849045,271.500104310834,139.884198473421,109.736478190351,187.986636871444,"3C"
319051523,222.853234354007,216.653870587847,230.894509942812,116.111993731053,109.188715790329,119.748004687852,"3B"
319051524,217.10586035917,214.281330359516,227.906770002377,119.29310448652,116.942998113741,123.379129756331,"3B"
319051525,224.978213741628,174.576938149506,253.469091288478,110.639888768618,82.5671192415256,141.462515893147,"3B"
319051526,222.296107589958,219.073604055502,226.103833194378,116.67487557889,115.061552491154,119.483556696896,"3B"
397979799,NA,NA,NA,NA,NA,NA,"NANA"
399999499,NA,NA,NA,NA,NA,NA,"NANA"
