RouteName,StartTime,EndTime,StartTimeUTC,EndTimeUTC,Total_Miles,Total_Kilometers,Total_Minutes,TotalWait_Minutes,TotalViolation_Minutes,RouteLayerItemID,RouteLayerItemURL,OriginOID,DestinationOID,From_ID,From_Location,From_x,From_y,To_Name,To_Address
Route 416 - 416 - RBWH,1990-01-01 12:00:00,1990-01-02 07:44:56,1990-01-01 02:00:00,1990-01-01 21:44:56,1152.27053723,1854.40338428,1186.26675717,,,,,416,1,1086,Georgetown,143.5479,-18.29241,RBWH,Ned Hanlon Dr
Route 405 - 405 - RBWH,1990-01-01 12:00:00,1990-01-02 04:50:31,1990-01-01 02:00:00,1990-01-01 18:50:31,975.92612348,1570.60399247,1009.76520796,,,,,405,1,1075,El Arish,146.0048,-17.80559,RBWH,Ned Hanlon Dr
Route 399 - 399 - RBWH,1990-01-01 12:00:00,1990-01-02 06:19:39.000001,1990-01-01 02:00:00,1990-01-01 20:19:39,1051.80934173,1692.72643871,1097.41935011,,,,,399,1,1069,Ravenshoe,145.4842,-17.60534,RBWH,Ned Hanlon Dr
Route 203 - 203 - RBWH,1990-01-01 12:00:00,1990-01-01 12:47:10,1990-01-01 02:00:00,1990-01-01 02:47:10,37.32797154,60.07366718,47.04433781,,,,,203,1,1317,Beerburrum - North,152.957,-26.93545,RBWH,Ned Hanlon Dr
Route 140 - 140 - RBWH,1990-01-01 12:00:00,1990-01-01 18:17:16,1990-01-01 02:00:00,1990-01-01 08:17:16,353.33526005,568.63911803,377.73411879,,,,,140,1,1254,Injune,148.5651,-25.84311,RBWH,Ned Hanlon Dr
Route 139 - 139 - RBWH,1990-01-01 12:00:00,1990-01-01 20:11:15,1990-01-01 02:00:00,1990-01-01 10:11:15,464.18299392,747.03161024,491.16663739,,,,,139,1,1253,Augathella,146.5842,-25.79596,RBWH,Ned Hanlon Dr
Route 34 - 34 - RBWH,1990-01-01 12:00:00,1990-01-01 13:18:45,1990-01-01 02:00:00,1990-01-01 03:18:45,73.09091118,117.62865462,78.74919183,,,,,34,1,1367,Withcott,152.026,-27.55364,RBWH,Ned Hanlon Dr
Route 45 - 45 - RBWH,1990-01-01 12:00:00,1990-01-01 13:41:43.000001,1990-01-01 02:00:00,1990-01-01 03:41:43,85.22239473,137.15242392,101.73227946,,,,,45,1,1378,Westbrook,151.8757,-27.60355,RBWH,Ned Hanlon Dr
Route 52 - 52 - RBWH,1990-01-01 12:00:00,1990-01-01 13:45:07,1990-01-01 02:00:00,1990-01-01 03:45:07,88.11717768,141.81113482,105.09500211,,,,,52,1,1385,Wyreema,151.8542,-27.65743,RBWH,Ned Hanlon Dr
Route 322 - 322 - RBWH,1990-01-01 12:00:00,1990-01-01 16:05:36,1990-01-01 02:00:00,1990-01-01 06:05:36,232.12819883,373.57487117,245.92468207,,,,,322,1,1214,Oakwood,152.298,-24.85082,RBWH,Ned Hanlon Dr
Route 221 - 221 - RBWH,1990-01-01 12:00:00,1990-01-02 01:41:41,1990-01-01 02:00:00,1990-01-01 15:41:41,792.75945071,1275.8252171,823.19586213,,,,,221,1,1113,Alva Beach,147.4799,-19.45506,RBWH,Ned Hanlon Dr
Route 184 - 184 - RBWH,1990-01-01 12:00:00,1990-01-01 13:10:26.000001,1990-01-01 02:00:00,1990-01-01 03:10:26,60.25995283,96.97918748,70.23476096,,,,,184,1,1298,Kiels Mountain,153.001,-26.6527,RBWH,Ned Hanlon Dr
Route 96 - 96 - RBWH,1990-01-01 12:00:00,1990-01-01 15:01:55,1990-01-01 02:00:00,1990-01-01 05:01:55,166.06421914,267.2549892,181.69328339,,,,,96,1,1429,Inglewood,151.0795,-28.41751,RBWH,Ned Hanlon Dr
Route 89 - 89 - RBWH,1990-01-01 12:00:00,1990-01-01 20:32:58,1990-01-01 02:00:00,1990-01-01 10:32:58,501.7142929,807.43250186,513.16970385,,,,,89,1,1422,Cunnamulla,145.6832,-28.06921,RBWH,Ned Hanlon Dr
Route 81 - 81 - RBWH,1990-01-01 12:00:00,1990-01-01 13:02:14.000001,1990-01-01 02:00:00,1990-01-01 03:02:14,48.36950339,77.84332576,62.26356204,,,,,81,1,1414,Beaudesert,152.9992,-27.98632,RBWH,Ned Hanlon Dr
Route 78 - 78 - RBWH,1990-01-01 12:00:00,1990-01-01 13:01:04.000001,1990-01-01 02:00:00,1990-01-01 03:01:04,50.21918203,80.82010093,61.13618171,,,,,78,1,1411,Mount Tamborine,153.2014,-27.97114,RBWH,Ned Hanlon Dr
Route 8 - 8 - RBWH,1990-01-01 12:00:00,1990-01-01 12:25:36,1990-01-01 02:00:00,1990-01-01 02:25:36.000001,12.592081,20.26503053,25.52105122,,,,,8,1,1341,Samford,152.8849,-27.37146,RBWH,Ned Hanlon Dr
Route 27 - 27 - RBWH,1990-01-01 12:00:00,1990-01-01 12:52:50,1990-01-01 02:00:00,1990-01-01 02:52:50,45.85136,73.79075869,52.83783732,,,,,27,1,1360,Brightview,152.4916,-27.51975,RBWH,Ned Hanlon Dr
Route 360 - 360 - RBWH,1990-01-01 12:00:00,1990-01-02 07:53:18,1990-01-01 02:00:00,1990-01-01 21:53:18,1124.42353119,1809.58788255,1195.18543079,,,,,360,1,1030,Daintree,145.3306,-16.26079,RBWH,Ned Hanlon Dr
Route 324 - 324 - RBWH,1990-01-01 12:00:00,1990-01-01 16:00:55,1990-01-01 02:00:00,1990-01-01 06:00:55.000001,227.78475783,366.58476647,241.21782365,,,,,324,1,1216,Bundaberg,152.3444,-24.87052,RBWH,Ned Hanlon Dr
Route 311 - 311 - RBWH,1990-01-01 12:00:00,1990-01-01 20:12:01.000001,1990-01-01 02:00:00,1990-01-01 10:12:01,456.5092702,734.6819243,492.07930907,,,,,311,1,1203,Taylors Creek,149.1545,-24.25325,RBWH,Ned Hanlon Dr
Route 250 - 250 - RBWH,1990-01-01 12:00:00,1990-01-01 22:38:00.000001,1990-01-01 02:00:00,1990-01-01 12:38:00,607.01230962,976.8935722,639.17814289,,,,,250,1,1142,Nindaroo,149.1636,-21.05945,RBWH,Ned Hanlon Dr
Route 126 - 126 - RBWH,1990-01-01 12:00:00,1990-01-01 16:24:37,1990-01-01 02:00:00,1990-01-01 06:24:37,244.15448996,392.92934934,265.49124008,,,,,126,1,1240,Eidsvold,151.1221,-25.37064,RBWH,Ned Hanlon Dr
Route 1 - 1 - RBWH,1990-01-01 12:00:00,1990-01-01 12:45:37,1990-01-01 02:00:00,1990-01-01 02:45:37,26.10736554,42.01581613,45.42388005,,,,,1,1,1334,Dayboro,152.8215,-27.19792,RBWH,Ned Hanlon Dr
Route 18 - 18 - RBWH,1990-01-01 12:00:00,1990-01-01 13:22:28,1990-01-01 02:00:00,1990-01-01 03:22:28,75.59645642,121.66094688,82.46968018,,,,,18,1,1351,Murphys Creek,152.0567,-27.46123,RBWH,Ned Hanlon Dr
Route 312 - 312 - RBWH,1990-01-01 12:00:00,1990-01-01 17:02:02,1990-01-01 02:00:00,1990-01-01 07:02:02,285.13920083,458.88797979,303.57003866,,,,,312,1,1204,Miriam Vale,151.5583,-24.328,RBWH,Ned Hanlon Dr
Route 258 - 258 - RBWH,1990-01-01 12:00:00,1990-01-01 22:19:55,1990-01-01 02:00:00,1990-01-01 12:19:55,593.61323684,955.3298117,620.80512616,,,,,258,1,1150,Bakers Creek,149.1521,-21.20776,RBWH,Ned Hanlon Dr
Route 214 - 214 - RBWH,1990-01-01 12:00:00,1990-01-01 12:51:19,1990-01-01 02:00:00,1990-01-01 02:51:19,37.10062545,59.70778838,51.20617807,,,,,214,1,1328,Sandstone Point,153.1273,-27.08295,RBWH,Ned Hanlon Dr
Route 5 - 5 - RBWH,1990-01-01 12:00:00,1990-01-01 13:54:02,1990-01-01 02:00:00,1990-01-01 03:54:02,103.77507035,167.01012084,114.00036116,,,,,5,1,1338,Goombungee,151.8502,-27.30485,RBWH,Ned Hanlon Dr
Route 415 - 415 - RBWH,1990-01-01 12:00:00,1990-01-02 04:10:33,1990-01-01 02:00:00,1990-01-01 18:10:33.000001,939.14330672,1511.40766862,971.71287958,,,,,415,1,1085,Cardwell,146.0227,-18.26396,RBWH,Ned Hanlon Dr
Route 345 - 345 - RBWH,1990-01-01 12:00:00,1990-01-02 18:11:28,1990-01-01 02:00:00,1990-01-02 08:11:28,1661.32304591,2673.64562329,1813.89441734,,,,,345,1,1015,New Mapoon,142.3863,-10.87403,RBWH,Ned Hanlon Dr
Route 168 - 168 - RBWH,1990-01-01 12:00:00,1990-01-01 13:24:42,1990-01-01 02:00:00,1990-01-01 03:24:42,76.12839847,122.51702634,84.43758954,,,,,168,1,1282,Cooroy,152.9089,-26.41875,RBWH,Ned Hanlon Dr
Route 160 - 160 - RBWH,1990-01-01 12:00:00,1990-01-01 13:38:29,1990-01-01 02:00:00,1990-01-01 03:38:29,86.73315394,139.58376007,98.16722837,,,,,160,1,1274,Cooran,152.8222,-26.33805,RBWH,Ned Hanlon Dr
Route 100 - 100 - RBWH,1990-01-01 12:00:00,1990-01-01 14:34:29,1990-01-01 02:00:00,1990-01-01 04:34:29,136.26789861,219.30236363,154.33663871,,,,,100,1,1433,Stanthorpe,151.9327,-28.65779,RBWH,Ned Hanlon Dr
Route 3 - 3 - RBWH,1990-01-01 12:00:00,1990-01-01 13:54:23,1990-01-01 02:00:00,1990-01-01 03:54:23,98.69215052,158.82993795,114.34703564,,,,,3,1,1336,Crows Nest,152.0506,-27.26153,RBWH,Ned Hanlon Dr
Route 435 - 435 - RBWH,1990-01-01 12:00:00,1990-01-02 02:50:05,1990-01-01 02:00:00,1990-01-01 16:50:05,859.93176134,1383.92878838,891.66526274,,,,,435,1,1105,Bluewater Park,146.5138,-19.20308,RBWH,Ned Hanlon Dr
Route 281 - 281 - RBWH,1990-01-01 12:00:00,1990-01-01 19:23:55,1990-01-01 02:00:00,1990-01-01 09:23:55,417.40651668,671.75201668,444.67175773,,,,,281,1,1173,Kinka Beach,150.7876,-23.2243,RBWH,Ned Hanlon Dr
Route 120 - 120 - RBWH,1990-01-01 12:00:00,1990-01-01 15:23:36,1990-01-01 02:00:00,1990-01-01 05:23:36,184.62666775,297.12841424,203.97030734,,,,,120,1,1234,Hervey Bay,152.8722,-25.28535,RBWH,Ned Hanlon Dr
Route 117 - 117 - RBWH,1990-01-01 12:00:00,1990-01-01 15:23:47,1990-01-01 02:00:00,1990-01-01 05:23:47,195.51686696,314.65452604,204.12608353,,,,,117,1,1231,Childers,152.2765,-25.23536,RBWH,Ned Hanlon Dr
Route 108 - 108 - RBWH,1990-01-01 12:00:00,1990-01-01 12:00:44,1990-01-01 02:00:00,1990-01-01 02:00:44,0.09037174,0.1454395,0.73532997,,,,,108,1,1441,RBWH,153.0285,-27.447,RBWH,Ned Hanlon Dr
Route 7 - 7 - RBWH,1990-01-01 12:00:00,1990-01-01 12:30:08,1990-01-01 02:00:00,1990-01-01 02:30:08,15.594942,25.09767653,30.02414535,,,,,7,1,1340,Samford Valley - Highvale,152.8394,-27.36508,RBWH,Ned Hanlon Dr
Route 409 - 409 - RBWH,1990-01-01 12:00:00,1990-01-02 04:41:00.000001,1990-01-01 02:00:00,1990-01-01 18:41:00,966.27261047,1555.06813816,1000.80493941,,,,,409,1,1079,Tully,145.9217,-17.93491,RBWH,Ned Hanlon Dr
Route 102 - 102 - RBWH,1990-01-01 12:00:00,1990-01-02 06:39:13,1990-01-01 02:00:00,1990-01-01 20:39:13,1065.45359163,1714.68477433,1118.31320729,,,,,102,1,1435,Smithfield,145.690172,-16.83142,RBWH,Ned Hanlon Dr
Route 85 - 85 - RBWH,1990-01-01 12:00:00,1990-01-01 13:04:58.000001,1990-01-01 02:00:00,1990-01-01 03:04:58,52.96121261,85.23298021,65.05455123,,,,,85,1,1418,Canungra,153.1598,-28.01415,RBWH,Ned Hanlon Dr
Route 6 - 6 - RBWH,1990-01-01 12:00:00,1990-01-01 12:42:54,1990-01-01 02:00:00,1990-01-01 02:42:54.000001,23.36274236,37.59876444,42.80240223,,,,,6,1,1339,Mount Glorious,152.7701,-27.33397,RBWH,Ned Hanlon Dr
Route 63 - 63 - RBWH,1990-01-01 12:00:00,1990-01-01 12:43:36,1990-01-01 02:00:00,1990-01-01 02:43:36,36.89895889,59.38323687,43.61957165,,,,,63,1,1396,Peak Crossing,152.7294,-27.78404,RBWH,Ned Hanlon Dr
Route 440 - 440 - RBWH,1990-01-01 12:00:00,1990-01-02 02:13:20,1990-01-01 02:00:00,1990-01-01 16:13:20,826.27483582,1329.76310891,854.98610098,,,,,440,1,1110,Nome,146.9099,-19.37372,RBWH,Ned Hanlon Dr
Route 247 - 247 - RBWH,1990-01-01 12:00:00,1990-01-01 22:56:32,1990-01-01 02:00:00,1990-01-01 12:56:32,630.05200112,1013.97243563,658.20781457,,,,,247,1,1139,Calen,148.7716,-20.89849,RBWH,Ned Hanlon Dr
Route 145 - 145 - RBWH,1990-01-01 12:00:00,1990-01-01 14:27:19,1990-01-01 02:00:00,1990-01-01 04:27:19,138.54831441,222.97234444,147.60389227,,,,,145,1,1259,Cooloola Village,152.982,-25.97598,RBWH,Ned Hanlon Dr
Route 128 - 128 - RBWH,1990-01-01 12:00:00,1990-01-01 14:53:24,1990-01-01 02:00:00,1990-01-01 04:53:24,164.63822763,264.96007372,173.7059307,,,,,128,1,1242,Aldershot,152.6613,-25.46311,RBWH,Ned Hanlon Dr
Route 32 - 32 - RBWH,1990-01-01 12:00:00,1990-01-01 13:12:31,1990-01-01 02:00:00,1990-01-01 03:12:31,66.63008676,107.2309448,72.55186819,,,,,32,1,1365,Helidon,152.1254,-27.54838,RBWH,Ned Hanlon Dr
Route 49 - 49 - RBWH,1990-01-01 12:00:00,1990-01-01 12:46:50,1990-01-01 02:00:00,1990-01-01 02:46:50,38.61164572,62.13954464,46.84216774,,,,,49,1,1382,Rosewood,152.5889,-27.63446,RBWH,Ned Hanlon Dr
Route 16 - 16 - RBWH,1990-01-01 12:00:00,1990-01-01 12:45:59,1990-01-01 02:00:00,1990-01-01 02:45:59,38.64878681,62.19931755,46.00890271,,,,,16,1,1349,Fernvale,152.6594,-27.45012,RBWH,Ned Hanlon Dr
Route 403 - 403 - RBWH,1990-01-01 12:00:00,1990-01-02 04:56:48,1990-01-01 02:00:00,1990-01-01 18:56:48,980.79859275,1578.44548734,1015.4895018,,,,,403,1,1073,Silkwood,146.0203,-17.74863,RBWH,Ned Hanlon Dr
Route 319 - 319 - RBWH,1990-01-01 12:00:00,1990-01-01 16:08:13,1990-01-01 02:00:00,1990-01-01 06:08:13,234.77071245,377.82759311,248.58134844,,,,,319,1,1211,Bargara,152.4607,-24.81453,RBWH,Ned Hanlon Dr
Route 267 - 267 - RBWH,1990-01-01 12:00:00,1990-01-01 22:23:44,1990-01-01 02:00:00,1990-01-01 12:23:44,592.15298088,952.97975283,624.50436683,,,,,267,1,1159,Nebo,148.6917,-21.69028,RBWH,Ned Hanlon Dr
Route 229 - 229 - RBWH,1990-01-01 12:00:00,1990-01-02 00:20:31,1990-01-01 02:00:00,1990-01-01 14:20:31,716.81809595,1153.60920902,743.34328485,,,,,229,1,1121,Merinda,148.1648,-20.01751,RBWH,Ned Hanlon Dr
Route 98 - 98 - RBWH,1990-01-01 12:00:00,1990-01-01 15:28:18.000001,1990-01-01 02:00:00,1990-01-01 05:28:18,191.06278912,307.48636827,208.10504048,,,,,98,1,1431,Yelarbon,150.7524,-28.57416,RBWH,Ned Hanlon Dr
Route 76 - 76 - RBWH,1990-01-01 12:00:00,1990-01-01 12:58:24,1990-01-01 02:00:00,1990-01-01 02:58:24,46.3498808,74.59305175,58.4136006,,,,,76,1,1409,Gleneagle,152.9918,-27.94234,RBWH,Ned Hanlon Dr
Route 10 - 10 - RBWH,1990-01-01 12:00:00,1990-01-01 13:00:55,1990-01-01 02:00:00,1990-01-01 03:00:55.000001,51.62384096,83.08068487,60.93063699,,,,,10,1,1343,Coominya,152.5023,-27.3916,RBWH,Ned Hanlon Dr
Route 407 - 407 - RBWH,1990-01-01 12:00:00,1990-01-02 05:02:29,1990-01-01 02:00:00,1990-01-01 19:02:29,982.1624221,1580.64036232,1020.77363867,,,,,407,1,1077,Mission Beach,146.107,-17.86879,RBWH,Ned Hanlon Dr
Route 392 - 392 - RBWH,1990-01-01 12:00:00,1990-01-02 05:21:34,1990-01-01 02:00:00,1990-01-01 19:21:34,999.31472999,1608.24438131,1038.42051258,,,,,392,1,1062,Coconuts,146.0431,-17.50908,RBWH,Ned Hanlon Dr
Route 2 - 2 - RBWH,1990-01-01 12:00:00,1990-01-01 13:11:51,1990-01-01 02:00:00,1990-01-01 03:11:51.000001,62.96388586,101.33075458,71.87198206,,,,,2,1,1335,Esk,152.4179,-27.23674,RBWH,Ned Hanlon Dr
Route 289 - 289 - RBWH,1990-01-01 12:00:00,1990-01-01 22:09:25,1990-01-01 02:00:00,1990-01-01 12:09:25,584.02899041,939.90543136,609.91237445,,,,,289,1,1181,Sapphire,147.7193,-23.46006,RBWH,Ned Hanlon Dr
Route 276 - 276 - RBWH,1990-01-01 12:00:00,1990-01-01 21:58:57,1990-01-01 02:00:00,1990-01-01 11:58:57,573.76091742,923.38053665,599.41059824,,,,,276,1,1168,Tieri,148.3497,-23.03219,RBWH,Ned Hanlon Dr
Route 227 - 227 - RBWH,1990-01-01 12:00:00,1990-01-02 09:10:14,1990-01-01 02:00:00,1990-01-01 23:10:14,1251.48311201,2014.07086555,1274.74305061,,,,,227,1,1119,Camooweal,138.119,-19.92248,RBWH,Ned Hanlon Dr
Route 188 - 188 - RBWH,1990-01-01 12:00:00,1990-01-01 14:20:48.000001,1990-01-01 02:00:00,1990-01-01 04:20:48,120.04475616,193.19369444,141.00224816,,,,,188,1,1302,Nanango,151.9992,-26.6713,RBWH,Ned Hanlon Dr
Route 54 - 54 - RBWH,1990-01-01 12:00:00,1990-01-01 13:48:12,1990-01-01 02:00:00,1990-01-01 03:48:12.000001,100.76753599,162.16995378,108.15014647,,,,,54,1,1387,Southbrook,151.7128,-27.67579,RBWH,Ned Hanlon Dr
Route 304 - 304 - RBWH,1990-01-01 12:00:00,1990-01-01 17:42:52,1990-01-01 02:00:00,1990-01-01 07:42:52,322.59233113,519.16307088,344.60391697,,,,,304,1,1196,Calliope,151.213,-23.99655,RBWH,Ned Hanlon Dr
Route 180 - 180 - RBWH,1990-01-01 12:00:00,1990-01-01 16:41:01,1990-01-01 02:00:00,1990-01-01 06:41:01,259.93226668,418.32127044,281.25798918,,,,,180,1,1294,Yuleba,149.381,-26.61304,RBWH,Ned Hanlon Dr
Route 9 - 9 - RBWH,1990-01-01 12:00:00,1990-01-01 12:39:55,1990-01-01 02:00:00,1990-01-01 02:39:55,20.06505186,32.2916354,39.87080568,,,,,9,1,1342,Mount Nebo,152.7795,-27.39084,RBWH,Ned Hanlon Dr
Route 41 - 41 - RBWH,1990-01-01 12:00:00,1990-01-01 12:54:17,1990-01-01 02:00:00,1990-01-01 02:54:17.000001,48.18343272,77.54387344,54.28288363,,,,,41,1,1374,Plainland,152.4165,-27.57656,RBWH,Ned Hanlon Dr
Route 380 - 380 - RBWH,1990-01-01 12:00:00,1990-01-02 06:36:45,1990-01-01 02:00:00,1990-01-01 20:36:45,1066.22482263,1715.9259528,1115.71589893,,,,,380,1,1050,Tolga - West,145.4506,-17.204,RBWH,Ned Hanlon Dr
Route 328 - 328 - RBWH,1990-01-01 12:00:00,1990-01-01 16:06:57,1990-01-01 02:00:00,1990-01-01 06:06:57,234.95459028,378.12351638,247.26911425,,,,,328,1,1220,Elliott Heads,152.4888,-24.9178,RBWH,Ned Hanlon Dr
Route 182 - 182 - RBWH,1990-01-01 12:00:00,1990-01-01 13:24:19,1990-01-01 02:00:00,1990-01-01 03:24:19,68.59511721,110.3933611,84.00301887,,,,,182,1,1296,Mapleton,152.8651,-26.62074,RBWH,Ned Hanlon Dr
Route 148 - 148 - RBWH,1990-01-01 12:00:00,1990-01-01 16:32:19,1990-01-01 02:00:00,1990-01-01 06:32:19,252.01489532,405.57947085,272.68442619,,,,,148,1,1262,Wandoan,149.9628,-26.12088,RBWH,Ned Hanlon Dr
Route 4 - 4 - RBWH,1990-01-01 12:00:00,1990-01-01 15:19:15.000001,1990-01-01 02:00:00,1990-01-01 05:19:15,186.20152589,299.66290781,199.44100818,,,,,4,1,1337,Tara,150.4556,-27.27772,RBWH,Ned Hanlon Dr
Route 11 - 11 - RBWH,1990-01-01 12:00:00,1990-01-01 13:44:03.000001,1990-01-01 02:00:00,1990-01-01 03:44:03,41.90308518,67.43661359,103.70689721,,,,,11,1,1344,Amity Point,153.44,-27.39664,RBWH,Ned Hanlon Dr
Route 55 - 55 - RBWH,1990-01-01 12:00:00,1990-01-01 13:23:57,1990-01-01 02:00:00,1990-01-01 03:23:57,39.97535882,64.33423253,83.90128992,,,,,55,1,1388,Russell Island,153.3905,-27.68322,RBWH,Ned Hanlon Dr
Route 28 - 28 - RBWH,1990-01-01 12:00:00,1990-01-01 14:20:08,1990-01-01 02:00:00,1990-01-01 04:20:08,130.75808929,210.43516732,140.05999725,,,,,28,1,1361,Cecil Plains,151.1936,-27.53233,RBWH,Ned Hanlon Dr
Route 99 - 99 - RBWH,1990-01-01 12:00:00,1990-01-01 18:19:11,1990-01-01 02:00:00,1990-01-01 08:19:11,373.94000616,601.79930887,379.58663423,,,,,99,1,1432,Dirranbandi,148.2271,-28.5841,RBWH,Ned Hanlon Dr
Route 20 - 20 - RBWH,1990-01-01 12:00:00,1990-01-01 12:09:10,1990-01-01 02:00:00,1990-01-01 02:09:10,2.38446713,3.83743554,9.1379857,,,,,20,1,1353,Brisbane,153.0249,-27.47072,RBWH,Ned Hanlon Dr
Route 408 - 408 - RBWH,1990-01-01 12:00:00,1990-01-02 04:58:34,1990-01-01 02:00:00,1990-01-01 18:58:34,980.26332747,1577.58405965,1017.23039283,,,,,408,1,1078,Wongaling Beach,146.091,-17.91401,RBWH,Ned Hanlon Dr
Route 241 - 241 - RBWH,1990-01-01 12:00:00,1990-01-02 05:12:38,1990-01-01 02:00:00,1990-01-01 19:12:38,1012.07059589,1628.77299862,1034.45671838,,,,,241,1,1133,Julia Creek,141.7435,-20.65701,RBWH,Ned Hanlon Dr
Route 183 - 183 - RBWH,1990-01-01 12:00:00,1990-01-01 13:13:19,1990-01-01 02:00:00,1990-01-01 03:13:19,61.7462297,99.37112304,73.08836271,,,,,183,1,1297,Nambour,152.9592,-26.62753,RBWH,Ned Hanlon Dr
Route 114 - 114 - RBWH,1990-01-01 12:00:00,1990-01-01 15:15:39,1990-01-01 02:00:00,1990-01-01 05:15:39,186.45160819,300.06537706,195.93584395,,,,,114,1,1228,Burrum Heads - East,152.6334,-25.21101,RBWH,Ned Hanlon Dr
Route 12 - 12 - RBWH,1990-01-01 12:00:00,1990-01-01 13:47:19,1990-01-01 02:00:00,1990-01-01 03:47:19,96.94788371,156.022807,107.32749914,,,,,12,1,1345,Meringandan West,151.8819,-27.41789,RBWH,Ned Hanlon Dr
Route 38 - 38 - RBWH,1990-01-01 12:00:00,1990-01-01 12:49:15,1990-01-01 02:00:00,1990-01-01 02:49:15,28.63961892,46.09109106,49.33349884,,,,,38,1,1371,Coochiemudlo Island,153.3328,-27.56886,RBWH,Ned Hanlon Dr
Route 13 - 13 - RBWH,1990-01-01 12:00:00,1990-01-01 13:45:21.000001,1990-01-01 02:00:00,1990-01-01 03:45:21,91.86768567,147.84700441,105.30614751,,,,,13,1,1346,Meringandan,151.9132,-27.42327,RBWH,Ned Hanlon Dr
Route 213 - 213 - RBWH,1990-01-01 12:00:00,1990-01-01 13:01:13,1990-01-01 02:00:00,1990-01-01 03:01:13,42.48757245,68.37725656,61.12544986,,,,,213,1,1327,Woorim,153.2035,-27.07303,RBWH,Ned Hanlon Dr
Route 92 - 92 - RBWH,1990-01-01 12:00:00,1990-01-01 13:22:45,1990-01-01 02:00:00,1990-01-01 03:22:45,66.20481347,106.54653243,82.89786019,,,,,92,1,1425,Springbrook,153.2644,-28.18766,RBWH,Ned Hanlon Dr
Route 74 - 74 - RBWH,1990-01-01 12:00:00,1990-01-01 12:48:22,1990-01-01 02:00:00,1990-01-01 02:48:22.000001,41.94419109,67.50276727,48.42727412,,,,,74,1,1407,Maudsland,153.2774,-27.93276,RBWH,Ned Hanlon Dr
Route 23 - 23 - RBWH,1990-01-01 12:00:00,1990-01-01 12:59:02,1990-01-01 02:00:00,1990-01-01 02:59:02.000001,50.47520933,81.23213775,59.03014546,,,,,23,1,1356,Lockrose,152.4579,-27.49448,RBWH,Ned Hanlon Dr
Route 58 - 58 - RBWH,1990-01-01 12:00:00,1990-01-01 13:54:30,1990-01-01 02:00:00,1990-01-01 03:54:30,106.58051335,171.52505273,114.44755217,,,,,58,1,1391,Pittsworth,151.6329,-27.71797,RBWH,Ned Hanlon Dr
Route 225 - 225 - RBWH,1990-01-01 12:00:00,1990-01-02 01:27:48,1990-01-01 02:00:00,1990-01-01 15:27:48,782.76662976,1259.74329849,809.21585493,,,,,225,1,1117,Ayr,147.4056,-19.57545,RBWH,Ned Hanlon Dr
Route 194 - 194 - RBWH,1990-01-01 12:00:00,1990-01-01 13:01:50,1990-01-01 02:00:00,1990-01-01 03:01:50,52.18605394,83.98548076,61.65227048,,,,,194,1,1308,Glenview,153.0204,-26.76952,RBWH,Ned Hanlon Dr
Route 14 - 14 - RBWH,1990-01-01 12:00:00,1990-01-01 13:46:53,1990-01-01 02:00:00,1990-01-01 03:46:53,43.40624629,69.85572174,106.51018163,,,,,14,1,1347,Point Lookout,153.5377,-27.43022,RBWH,Ned Hanlon Dr
Route 36 - 36 - RBWH,1990-01-01 12:00:00,1990-01-01 13:04:38,1990-01-01 02:00:00,1990-01-01 03:04:38,57.01531255,91.75743467,64.6544949,,,,,36,1,1369,Gatton,152.2751,-27.56033,RBWH,Ned Hanlon Dr
Route 419 - 419 - RBWH,1990-01-01 12:00:00,1990-01-02 03:48:04.000001,1990-01-01 02:00:00,1990-01-01 17:48:04,916.2862034,1474.62265297,949.70552657,,,,,419,1,1089,Macknade,146.2605,-18.58664,RBWH,Ned Hanlon Dr
Route 406 - 406 - RBWH,1990-01-01 12:00:00,1990-01-02 05:03:27,1990-01-01 02:00:00,1990-01-01 19:03:27,983.82168794,1583.31069717,1021.77681261,,,,,406,1,1076,Bingil Bay,146.0976,-17.83471,RBWH,Ned Hanlon Dr
Route 316 - 316 - RBWH,1990-01-01 12:00:00,1990-01-01 18:47:17,1990-01-01 02:00:00,1990-01-01 08:47:17,383.53854413,617.24668926,407.84941309,,,,,316,1,1208,Moura,149.9719,-24.57498,RBWH,Ned Hanlon Dr
Route 309 - 309 - RBWH,1990-01-01 12:00:00,1990-01-01 19:27:00,1990-01-01 02:00:00,1990-01-01 09:27:00.000001,422.20212266,679.46981183,447.2158596,,,,,309,1,1201,Baralaba,149.8114,-24.17958,RBWH,Ned Hanlon Dr
Route 284 - 284 - RBWH,1990-01-01 12:00:00,1990-01-01 19:21:32,1990-01-01 02:00:00,1990-01-01 09:21:32.000001,415.04597667,667.95308819,442.32853419,,,,,284,1,1176,Keppel Sands,150.7919,-23.3275,RBWH,Ned Hanlon Dr
Route 273 - 273 - RBWH,1990-01-01 12:00:00,1990-01-01 19:46:56,1990-01-01 02:00:00,1990-01-01 09:46:56,436.96612916,703.23022462,467.41620398,,,,,273,1,1165,Byfield,150.6508,-22.85074,RBWH,Ned Hanlon Dr
Route 269 - 269 - RBWH,1990-01-01 12:00:00,1990-01-02 02:17:56.000001,1990-01-01 02:00:00,1990-01-01 16:17:56,842.53711862,1355.9347685,863.65123303,,,,,269,1,1161,Winton,143.0414,-22.38676,RBWH,Ned Hanlon Dr
Route 204 - 204 - RBWH,1990-01-01 12:00:00,1990-01-01 13:15:27,1990-01-01 02:00:00,1990-01-01 03:15:27,59.01869811,94.98157765,75.2421857,,,,,204,1,1318,Kilcoy,152.5638,-26.94019,RBWH,Ned Hanlon Dr
Route 30 - 30 - RBWH,1990-01-01 12:00:00,1990-01-01 12:53:47,1990-01-01 02:00:00,1990-01-01 02:53:47,46.14981335,74.27107375,53.78166309,,,,,30,1,1363,Kensington Grove - Regency Downs,152.4572,-27.53986,RBWH,Ned Hanlon Dr
Route 22 - 22 - RBWH,1990-01-01 12:00:00,1990-01-01 13:34:52,1990-01-01 02:00:00,1990-01-01 03:34:52,86.0252517,138.44449956,94.8341753,,,,,22,1,1355,Gowrie Junction,151.8928,-27.49125,RBWH,Ned Hanlon Dr
Route 59 - 59 - RBWH,1990-01-01 12:00:00,1990-01-01 12:44:07,1990-01-01 02:00:00,1990-01-01 02:44:07,35.16547917,56.5934661,44.18625094,,,,,59,1,1392,Cabbage Tree Point,153.3552,-27.73664,RBWH,Ned Hanlon Dr
Route 24 - 24 - RBWH,1990-01-01 12:00:00,1990-01-01 13:28:11.000001,1990-01-01 02:00:00,1990-01-01 03:28:11,31.63734992,50.91548109,87.95506557,,,,,24,1,1357,Dunwich,153.4038,-27.49776,RBWH,Ned Hanlon Dr
Route 15 - 15 - RBWH,1990-01-01 12:00:00,1990-01-01 13:46:37,1990-01-01 02:00:00,1990-01-01 03:46:37,97.25094107,156.51053153,106.60865992,,,,,15,1,1348,Oakey,151.7183,-27.43202,RBWH,Ned Hanlon Dr
Route 17 - 17 - RBWH,1990-01-01 12:00:00,1990-01-01 12:51:42.000001,1990-01-01 02:00:00,1990-01-01 02:51:42,43.14920412,69.44205164,51.7307255,,,,,17,1,1350,Lowood,152.5763,-27.46078,RBWH,Ned Hanlon Dr
Route 35 - 35 - RBWH,1990-01-01 12:00:00,1990-01-01 13:08:19,1990-01-01 02:00:00,1990-01-01 03:08:19,59.19602286,95.26695475,68.31854945,,,,,35,1,1368,Placid Hills,152.2504,-27.5578,RBWH,Ned Hanlon Dr
Route 19 - 19 - RBWH,1990-01-01 12:00:00,1990-01-01 13:38:06,1990-01-01 02:00:00,1990-01-01 03:38:06,87.45134962,140.73958628,98.05772502,,,,,19,1,1352,Highfields,151.9481,-27.46253,RBWH,Ned Hanlon Dr
Route 270 - 270 - RBWH,1990-01-01 12:00:00,1990-01-01 22:10:50,1990-01-01 02:00:00,1990-01-01 12:10:50,589.8531735,949.27856421,611.40243314,,,,,270,1,1162,Dysart,148.3481,-22.58982,RBWH,Ned Hanlon Dr
Route 112 - 112 - RBWH,1990-01-01 12:00:00,1990-01-01 16:35:04,1990-01-01 02:00:00,1990-01-01 06:35:04,256.3816499,412.6070952,276.06994265,,,,,112,1,1226,Mount Perry,151.6442,-25.18036,RBWH,Ned Hanlon Dr
Route 21 - 21 - RBWH,1990-01-01 12:00:00,1990-01-01 13:40:06,1990-01-01 02:00:00,1990-01-01 03:40:06,91.49236597,147.24298471,100.11756516,,,,,21,1,1354,Kingsthorpe,151.8191,-27.47543,RBWH,Ned Hanlon Dr
Route 420 - 420 - RBWH,1990-01-01 12:00:00,1990-01-02 03:54:06,1990-01-01 02:00:00,1990-01-01 17:54:06,920.85107081,1481.96910964,955.53773217,,,,,420,1,1090,Taylors Beach,146.3273,-18.62407,RBWH,Ned Hanlon Dr
Route 330 - 330 - RBWH,1990-01-01 12:00:00,1990-01-01 15:50:11,1990-01-01 02:00:00,1990-01-01 05:50:11,218.01102864,350.85544258,230.62033383,,,,,330,1,1222,South Bingera,152.2194,-24.96842,RBWH,Ned Hanlon Dr
Route 192 - 192 - RBWH,1990-01-01 12:00:00,1990-01-01 13:14:09,1990-01-01 02:00:00,1990-01-01 03:14:09,55.82022227,89.83411946,73.83489126,,,,,192,1,1306,Maleny,152.848,-26.75878,RBWH,Ned Hanlon Dr
Route 159 - 159 - RBWH,1990-01-01 12:00:00,1990-01-01 15:03:26,1990-01-01 02:00:00,1990-01-01 05:03:26,154.28333158,248.29545057,183.67161595,,,,,159,1,1273,Wondai,151.8736,-26.32045,RBWH,Ned Hanlon Dr
Route 123 - 123 - RBWH,1990-01-01 12:00:00,1990-01-01 15:08:27,1990-01-01 02:00:00,1990-01-01 05:08:27,174.57241483,280.94763027,188.79514453,,,,,123,1,1237,Walligan,152.771,-25.35161,RBWH,Ned Hanlon Dr
Route 83 - 83 - RBWH,1990-01-01 12:00:00,1990-01-01 22:35:36,1990-01-01 02:00:00,1990-01-01 12:35:36,623.54940237,1003.50749642,639.42134647,,,,,83,1,1416,Thargomindah,143.8229,-27.99583,RBWH,Ned Hanlon Dr
Route 25 - 25 - RBWH,1990-01-01 12:00:00,1990-01-01 13:32:41,1990-01-01 02:00:00,1990-01-01 03:32:41,83.69608891,134.6960679,92.64197141,,,,,25,1,1358,Blue Mountain Heights,151.9612,-27.50364,RBWH,Ned Hanlon Dr
Route 26 - 26 - RBWH,1990-01-01 12:00:00,1990-01-01 13:36:06,1990-01-01 02:00:00,1990-01-01 03:36:06.000001,88.470315,142.37945538,96.11469007,,,,,26,1,1359,Gowrie Mountain,151.8228,-27.51137,RBWH,Ned Hanlon Dr
Route 428 - 428 - RBWH,1990-01-01 12:00:00,1990-01-02 03:15:48,1990-01-01 02:00:00,1990-01-01 17:15:48,846.36055948,1362.08801241,917.49245162,,,,,428,1,1098,Arcadia Bay,146.8651,-19.14853,RBWH,Ned Hanlon Dr
Route 417 - 417 - RBWH,1990-01-01 12:00:00,1990-01-02 03:56:13,1990-01-01 02:00:00,1990-01-01 17:56:13,922.99887872,1485.42567832,957.78483675,,,,,417,1,1087,Lucinda,146.3337,-18.52889,RBWH,Ned Hanlon Dr
Route 191 - 191 - RBWH,1990-01-01 12:00:00,1990-01-01 15:16:07,1990-01-01 02:00:00,1990-01-01 05:16:07,180.99697267,291.28697456,196.15835081,,,,,191,1,1305,Chinchilla,150.628,-26.74202,RBWH,Ned Hanlon Dr
Route 43 - 43 - RBWH,1990-01-01 12:00:00,1990-01-01 13:18:45,1990-01-01 02:00:00,1990-01-01 03:18:45,39.18089787,63.05566902,78.68967102,,,,,43,1,1376,Macleay Island,153.3615,-27.59184,RBWH,Ned Hanlon Dr
Route 220 - 220 - RBWH,1990-01-01 12:00:00,1990-01-02 02:12:33,1990-01-01 02:00:00,1990-01-01 16:12:33,825.31289446,1328.21501124,854.19157138,,,,,220,1,1112,Alligator Creek,146.9432,-19.42302,RBWH,Ned Hanlon Dr
Route 173 - 173 - RBWH,1990-01-01 12:00:00,1990-01-01 18:16:36,1990-01-01 02:00:00,1990-01-01 08:16:36,351.36173433,565.4630299,377.06595682,,,,,173,1,1287,Mitchell,147.976,-26.48827,RBWH,Ned Hanlon Dr
Route 119 - 119 - RBWH,1990-01-01 12:00:00,1990-01-01 15:10:39,1990-01-01 02:00:00,1990-01-01 05:10:39,180.8565985,291.06106378,190.92466432,,,,,119,1,1233,Pacific Haven,152.5565,-25.26683,RBWH,Ned Hanlon Dr
Route 29 - 29 - RBWH,1990-01-01 12:00:00,1990-01-01 12:48:35,1990-01-01 02:00:00,1990-01-01 02:48:35,41.7775873,67.23464393,48.57556113,,,,,29,1,1362,Minden Village,152.5591,-27.5357,RBWH,Ned Hanlon Dr
Route 31 - 31 - RBWH,1990-01-01 12:00:00,1990-01-01 12:56:22,1990-01-01 02:00:00,1990-01-01 02:56:22,49.5169801,79.6900142,56.37127363,,,,,31,1,1364,Glenore Grove,152.4122,-27.54114,RBWH,Ned Hanlon Dr
Route 42 - 42 - RBWH,1990-01-01 12:00:00,1990-01-01 13:00:07,1990-01-01 02:00:00,1990-01-01 03:00:07,52.79365637,84.96332405,60.1175123,,,,,42,1,1375,Forest Hill,152.3549,-27.58999,RBWH,Ned Hanlon Dr
Route 33 - 33 - RBWH,1990-01-01 12:00:00,1990-01-01 13:28:51,1990-01-01 02:00:00,1990-01-01 03:28:51,78.36166245,126.11112352,88.90308053,,,,,33,1,1366,Prince Henry Heights,151.9905,-27.55295,RBWH,Ned Hanlon Dr
Route 53 - 53 - RBWH,1990-01-01 12:00:00,1990-01-01 12:33:33,1990-01-01 02:00:00,1990-01-01 02:33:33,26.99293578,43.44100612,33.5739026,,,,,53,1,1386,Ripley,152.7864,-27.66642,RBWH,Ned Hanlon Dr
Route 37 - 37 - RBWH,1990-01-01 12:00:00,1990-01-01 13:30:20.000001,1990-01-01 02:00:00,1990-01-01 03:30:20,78.47476261,126.29314095,90.36972514,,,,,37,1,1370,Toowoomba,151.9528,-27.56216,RBWH,Ned Hanlon Dr
Route 51 - 51 - RBWH,1990-01-01 12:00:00,1990-01-01 13:06:11,1990-01-01 02:00:00,1990-01-01 03:06:11,55.91504754,89.98672624,66.23236505,,,,,51,1,1384,Laidley Heights,152.3675,-27.63571,RBWH,Ned Hanlon Dr
Route 39 - 39 - RBWH,1990-01-01 12:00:00,1990-01-01 12:42:22,1990-01-01 02:00:00,1990-01-01 02:42:22,36.07278963,58.05364366,42.39016509,,,,,39,1,1372,Marburg,152.5954,-27.56895,RBWH,Ned Hanlon Dr
Route 46 - 46 - RBWH,1990-01-01 12:00:00,1990-01-01 13:16:26,1990-01-01 02:00:00,1990-01-01 03:16:26,37.08141896,59.67687847,76.37928637,,,,,46,1,1379,Lamb Island,153.3798,-27.62387,RBWH,Ned Hanlon Dr
Route 40 - 40 - RBWH,1990-01-01 12:00:00,1990-01-01 13:12:12,1990-01-01 02:00:00,1990-01-01 03:12:12,62.63921348,100.808244,72.25201976,,,,,40,1,1373,Grantham,152.2012,-27.57374,RBWH,Ned Hanlon Dr
Route 44 - 44 - RBWH,1990-01-01 12:00:00,1990-01-01 12:41:56,1990-01-01 02:00:00,1990-01-01 02:41:56,34.19297866,55.0283751,41.96427601,,,,,44,1,1377,Walloon,152.6725,-27.60325,RBWH,Ned Hanlon Dr
Route 69 - 69 - RBWH,1990-01-01 12:00:00,1990-01-01 14:20:05.000001,1990-01-01 02:00:00,1990-01-01 04:20:05,132.75570992,213.65003252,140.01223039,,,,,69,1,1402,Millmerran,151.2671,-27.87814,RBWH,Ned Hanlon Dr
Route 47 - 47 - RBWH,1990-01-01 12:00:00,1990-01-01 12:43:44,1990-01-01 02:00:00,1990-01-01 02:43:44,36.23259447,58.31082514,43.77516741,,,,,47,1,1380,Thagoona,152.6257,-27.62401,RBWH,Ned Hanlon Dr
Route 86 - 86 - RBWH,1990-01-01 12:00:00,1990-01-01 13:51:28,1990-01-01 02:00:00,1990-01-01 03:51:28,98.96037498,159.26160423,111.36127032,,,,,86,1,1419,Allora,151.982,-28.03472,RBWH,Ned Hanlon Dr
Route 80 - 80 - RBWH,1990-01-01 12:00:00,1990-01-01 13:04:08,1990-01-01 02:00:00,1990-01-01 03:04:08,58.18037413,93.63242329,64.14080973,,,,,80,1,1413,Aratula,152.5384,-27.98409,RBWH,Ned Hanlon Dr
Route 48 - 48 - RBWH,1990-01-01 12:00:00,1990-01-01 13:00:25,1990-01-01 02:00:00,1990-01-01 03:00:25,52.44303354,84.39905017,60.44713103,,,,,48,1,1381,Laidley,152.3938,-27.63099,RBWH,Ned Hanlon Dr
Route 305 - 305 - RBWH,1990-01-01 12:00:00,1990-01-01 17:32:05,1990-01-01 02:00:00,1990-01-01 07:32:05.000001,313.77834886,504.97831302,333.90327846,,,,,305,1,1197,Benaraby,151.3256,-24.00187,RBWH,Ned Hanlon Dr
Route 245 - 245 - RBWH,1990-01-01 12:00:00,1990-01-02 04:32:02,1990-01-01 02:00:00,1990-01-01 18:32:02,974.79047591,1568.77634122,995.77741258,,,,,245,1,1137,Hughenden,144.1992,-20.84553,RBWH,Ned Hanlon Dr
Route 110 - 110 - RBWH,1990-01-01 12:00:00,1990-01-01 15:45:05,1990-01-01 02:00:00,1990-01-01 05:45:05,216.34172918,348.16896015,225.3903027,,,,,110,1,1224,Woodgate,152.5506,-25.0964,RBWH,Ned Hanlon Dr
Route 56 - 56 - RBWH,1990-01-01 12:00:00,1990-01-01 12:37:59.000001,1990-01-01 02:00:00,1990-01-01 02:37:59,30.93303639,49.78199609,38.00350082,,,,,56,1,1389,Deebing Heights,152.7546,-27.69709,RBWH,Ned Hanlon Dr
Route 190 - 190 - RBWH,1990-01-01 12:00:00,1990-01-01 13:22:27,1990-01-01 02:00:00,1990-01-01 03:22:27,61.50264346,98.97910819,82.17296217,,,,,190,1,1304,Witta,152.8107,-26.70454,RBWH,Ned Hanlon Dr
Route 50 - 50 - RBWH,1990-01-01 12:00:00,1990-01-01 12:35:52,1990-01-01 02:00:00,1990-01-01 02:35:52,26.72685996,43.01279774,35.91251246,,,,,50,1,1383,Mount Cotton,153.2508,-27.63515,RBWH,Ned Hanlon Dr
Route 57 - 57 - RBWH,1990-01-01 12:00:00,1990-01-01 13:49:00,1990-01-01 02:00:00,1990-01-01 03:49:00,91.40335034,147.09972764,108.95383377,,,,,57,1,1390,Cambooya,151.8615,-27.70633,RBWH,Ned Hanlon Dr
Route 60 - 60 - RBWH,1990-01-01 12:00:00,1990-01-01 12:45:18,1990-01-01 02:00:00,1990-01-01 02:45:18,33.26025833,53.52730424,45.32512634,,,,,60,1,1393,Logan Village,153.1134,-27.77455,RBWH,Ned Hanlon Dr
Route 260 - 260 - RBWH,1990-01-01 12:00:00,1990-01-01 22:17:34,1990-01-01 02:00:00,1990-01-01 12:17:34,590.50395544,950.32589832,618.41956133,,,,,260,1,1152,Hay Point,149.2905,-21.29652,RBWH,Ned Hanlon Dr
Route 211 - 211 - RBWH,1990-01-01 12:00:00,1990-01-01 12:45:31,1990-01-01 02:00:00,1990-01-01 02:45:31,35.18150936,56.61926423,45.40914111,,,,,211,1,1325,Wamuran,152.8643,-27.04069,RBWH,Ned Hanlon Dr
Route 61 - 61 - RBWH,1990-01-01 12:00:00,1990-01-01 12:45:43,1990-01-01 02:00:00,1990-01-01 02:45:43,37.66096246,60.60956519,45.75773993,,,,,61,1,1394,Jacobs Well,153.3629,-27.78179,RBWH,Ned Hanlon Dr
Route 64 - 64 - RBWH,1990-01-01 12:00:00,1990-01-01 12:50:55,1990-01-01 02:00:00,1990-01-01 02:50:55,42.04841834,67.67050511,50.91655322,,,,,64,1,1397,Harrisville,152.6677,-27.81036,RBWH,Ned Hanlon Dr
Route 62 - 62 - RBWH,1990-01-01 12:00:00,1990-01-01 13:50:37,1990-01-01 02:00:00,1990-01-01 03:50:37,94.96721193,152.83521839,110.52388163,,,,,62,1,1395,Greenmount,151.9059,-27.78299,RBWH,Ned Hanlon Dr
Route 87 - 87 - RBWH,1990-01-01 12:00:00,1990-01-01 17:27:02.000001,1990-01-01 02:00:00,1990-01-01 07:27:02,318.97521356,513.34187277,327.72198782,,,,,87,1,1420,St George,148.5812,-28.03888,RBWH,Ned Hanlon Dr
Route 65 - 65 - RBWH,1990-01-01 12:00:00,1990-01-01 12:44:09,1990-01-01 02:00:00,1990-01-01 02:44:09,34.11023878,54.89521792,44.22900584,,,,,65,1,1398,Jimboomba - West,152.9618,-27.81259,RBWH,Ned Hanlon Dr
Route 66 - 66 - RBWH,1990-01-01 12:00:00,1990-01-01 12:42:17.000001,1990-01-01 02:00:00,1990-01-01 02:42:17,32.25795992,51.91425808,42.31249319,,,,,66,1,1399,Jimboomba,153.0307,-27.83265,RBWH,Ned Hanlon Dr
Route 171 - 171 - RBWH,1990-01-01 12:00:00,1990-01-01 13:48:47,1990-01-01 02:00:00,1990-01-01 03:48:47.000001,97.63280518,157.12508346,108.35977534,,,,,171,1,1285,Imbil,152.677,-26.46119,RBWH,Ned Hanlon Dr
Route 147 - 147 - RBWH,1990-01-01 12:00:00,1990-01-01 14:25:19,1990-01-01 02:00:00,1990-01-01 04:25:19,137.70188225,221.61014121,145.57786879,,,,,147,1,1261,Kilkivan,152.2399,-26.08621,RBWH,Ned Hanlon Dr
Route 134 - 134 - RBWH,1990-01-01 12:00:00,1990-01-01 15:34:06,1990-01-01 02:00:00,1990-01-01 05:34:06,204.34454542,328.86132583,214.34774322,,,,,134,1,1248,Gayndah,151.6074,-25.62451,RBWH,Ned Hanlon Dr
Route 67 - 67 - RBWH,1990-01-01 12:00:00,1990-01-01 12:52:25.000001,1990-01-01 02:00:00,1990-01-01 02:52:25,40.77331698,65.61842428,52.45148815,,,,,67,1,1400,Mundoolun,153.0767,-27.86482,RBWH,Ned Hanlon Dr
Route 68 - 68 - RBWH,1990-01-01 12:00:00,1990-01-01 12:46:45,1990-01-01 02:00:00,1990-01-01 02:46:45,36.11182183,58.11646003,46.7620742,,,,,68,1,1401,Cedar Grove,152.9843,-27.86655,RBWH,Ned Hanlon Dr
Route 70 - 70 - RBWH,1990-01-01 12:00:00,1990-01-01 12:46:58,1990-01-01 02:00:00,1990-01-01 02:46:58,36.25259392,58.34301119,46.98862536,,,,,70,1,1403,Cedar Vale,153.002,-27.87876,RBWH,Ned Hanlon Dr
Route 71 - 71 - RBWH,1990-01-01 12:00:00,1990-01-01 12:48:47.000001,1990-01-01 02:00:00,1990-01-01 02:48:47,39.06215581,62.86457181,48.87407919,,,,,71,1,1404,Tamborine,153.1285,-27.88138,RBWH,Ned Hanlon Dr
Route 185 - 185 - RBWH,1990-01-01 12:00:00,1990-01-01 13:24:54,1990-01-01 02:00:00,1990-01-01 03:24:54,62.95850186,101.32208986,84.66285608,,,,,185,1,1299,Flaxton,152.8647,-26.65557,RBWH,Ned Hanlon Dr
Route 72 - 72 - RBWH,1990-01-01 12:00:00,1990-01-01 12:57:49,1990-01-01 02:00:00,1990-01-01 02:57:49,42.11220473,67.77315955,57.83059188,,,,,72,1,1405,Eagle Heights,153.2054,-27.92251,RBWH,Ned Hanlon Dr
Route 97 - 97 - RBWH,1990-01-01 12:00:00,1990-01-01 15:48:06,1990-01-01 02:00:00,1990-01-01 05:48:06.000001,219.81504818,353.75873642,228.09636864,,,,,97,1,1430,Goondiwindi,150.3062,-28.54799,RBWH,Ned Hanlon Dr
Route 73 - 73 - RBWH,1990-01-01 12:00:00,1990-01-01 14:03:06.000001,1990-01-01 02:00:00,1990-01-01 04:03:06,109.90677802,176.87816752,122.97213519,,,,,73,1,1406,Clifton,151.9083,-27.92996,RBWH,Ned Hanlon Dr
Route 75 - 75 - RBWH,1990-01-01 12:00:00,1990-01-01 13:00:24,1990-01-01 02:00:00,1990-01-01 03:00:24,51.26472672,82.50274536,60.41349594,,,,,75,1,1408,Kalbar,152.6229,-27.94196,RBWH,Ned Hanlon Dr
Route 77 - 77 - RBWH,1990-01-01 12:00:00,1990-01-01 12:57:53.000001,1990-01-01 02:00:00,1990-01-01 02:57:53,44.98309895,72.39342519,57.94240149,,,,,77,1,1410,Boyland,153.1642,-27.94939,RBWH,Ned Hanlon Dr
Route 79 - 79 - RBWH,1990-01-01 12:00:00,1990-01-01 12:54:43,1990-01-01 02:00:00,1990-01-01 02:54:43,45.86590373,73.81416459,54.80046418,,,,,79,1,1412,Mount Nathan,153.2639,-27.97678,RBWH,Ned Hanlon Dr
Route 82 - 82 - RBWH,1990-01-01 12:00:00,1990-01-01 12:57:50,1990-01-01 02:00:00,1990-01-01 02:57:50,49.47118403,79.61631243,57.89912763,,,,,82,1,1415,Gold Coast,153.4277,-27.99114,RBWH,Ned Hanlon Dr
Route 84 - 84 - RBWH,1990-01-01 12:00:00,1990-01-01 13:03:18,1990-01-01 02:00:00,1990-01-01 03:03:18,54.21110479,87.24449072,63.30705984,,,,,84,1,1417,Boonah,152.6824,-27.9978,RBWH,Ned Hanlon Dr
Route 88 - 88 - RBWH,1990-01-01 12:00:00,1990-01-01 13:02:28,1990-01-01 02:00:00,1990-01-01 03:02:28,52.77371665,84.93123411,62.50820274,,,,,88,1,1421,Lower Beechmont,153.2516,-28.04105,RBWH,Ned Hanlon Dr
Route 427 - 427 - RBWH,1990-01-01 12:00:00,1990-01-02 02:50:25,1990-01-01 02:00:00,1990-01-01 16:50:25,859.83573999,1383.77425669,891.96719884,,,,,427,1,1097,Toolakea,146.5788,-19.14605,RBWH,Ned Hanlon Dr
Route 386 - 386 - RBWH,1990-01-01 12:00:00,1990-01-02 06:13:14,1990-01-01 02:00:00,1990-01-01 20:13:14,1047.59358214,1685.94181774,1090.82359395,,,,,386,1,1056,Malanda,145.5954,-17.35328,RBWH,Ned Hanlon Dr
Route 265 - 265 - RBWH,1990-01-01 12:00:00,1990-01-01 21:59:56,1990-01-01 02:00:00,1990-01-01 11:59:56,575.65669411,926.43149959,600.49511298,,,,,265,1,1157,Sarina,149.216,-21.4206,RBWH,Ned Hanlon Dr
Route 207 - 207 - RBWH,1990-01-01 12:00:00,1990-01-01 12:53:04,1990-01-01 02:00:00,1990-01-01 02:53:04,41.1222623,66.17999846,52.96081838,,,,,207,1,1321,D'Aguilar,152.7984,-26.98884,RBWH,Ned Hanlon Dr
Route 170 - 170 - RBWH,1990-01-01 12:00:00,1990-01-01 13:29:59,1990-01-01 02:00:00,1990-01-01 03:29:59,78.99884773,127.13657588,89.65814029,,,,,170,1,1284,Weyba Downs,153.0474,-26.45561,RBWH,Ned Hanlon Dr
Route 90 - 90 - RBWH,1990-01-01 12:00:00,1990-01-01 13:20:36,1990-01-01 02:00:00,1990-01-01 03:20:36,65.32885686,105.1368141,80.61889782,,,,,90,1,1423,Kooralbyn,152.8443,-28.08068,RBWH,Ned Hanlon Dr
Route 91 - 91 - RBWH,1990-01-01 12:00:00,1990-01-01 13:15:29,1990-01-01 02:00:00,1990-01-01 03:15:29.000001,60.80048894,97.84909777,75.59713069,,,,,91,1,1424,Beechmont,153.206,-28.09893,RBWH,Ned Hanlon Dr
Route 93 - 93 - RBWH,1990-01-01 12:00:00,1990-01-01 13:52:29,1990-01-01 02:00:00,1990-01-01 03:52:29,98.77103253,158.95688649,112.39953654,,,,,93,1,1426,Yangan,152.2107,-28.19552,RBWH,Ned Hanlon Dr
Route 400 - 400 - RBWH,1990-01-01 12:00:00,1990-01-02 09:55:58,1990-01-01 02:00:00,1990-01-01 23:55:58,1295.25739555,2084.51888701,1317.38206716,,,,,400,1,1070,Normanton,141.0761,-17.67331,RBWH,Ned Hanlon Dr
Route 277 - 277 - RBWH,1990-01-01 12:00:00,1990-01-01 22:08:33.000001,1990-01-01 02:00:00,1990-01-01 12:08:33,583.2215707,938.60601268,609.06199254,,,,,277,1,1169,Capella,148.0248,-23.08513,RBWH,Ned Hanlon Dr
Route 202 - 202 - RBWH,1990-01-01 12:00:00,1990-01-01 14:43:03,1990-01-01 02:00:00,1990-01-01 04:43:03,145.639413,234.38438424,162.92208694,,,,,202,1,1316,Bell,151.4491,-26.93176,RBWH,Ned Hanlon Dr
Route 150 - 150 - RBWH,1990-01-01 12:00:00,1990-01-01 14:43:11,1990-01-01 02:00:00,1990-01-01 04:43:11,153.83929519,247.58084184,163.4750927,,,,,150,1,1264,Goomeri,152.0647,-26.18048,RBWH,Ned Hanlon Dr
Route 94 - 94 - RBWH,1990-01-01 12:00:00,1990-01-01 13:24:30,1990-01-01 02:00:00,1990-01-01 03:24:30,68.09860566,109.59430162,84.52195453,,,,,94,1,1427,Rathdowney,152.8635,-28.20976,RBWH,Ned Hanlon Dr
Route 95 - 95 - RBWH,1990-01-01 12:00:00,1990-01-01 13:52:50.000001,1990-01-01 02:00:00,1990-01-01 03:52:50,98.5215136,158.55532389,112.76361775,,,,,95,1,1428,Warwick,152.0311,-28.21745,RBWH,Ned Hanlon Dr
Route 387 - 387 - RBWH,1990-01-01 12:00:00,1990-01-02 06:27:04,1990-01-01 02:00:00,1990-01-01 20:27:04,1057.03777154,1701.14079769,1105.43818208,,,,,387,1,1057,Herberton,145.3852,-17.38376,RBWH,Ned Hanlon Dr
Route 101 - 101 - RBWH,1990-01-01 12:00:00,1990-01-01 18:15:31,1990-01-01 02:00:00,1990-01-01 08:15:31,370.27063061,595.89400954,375.93543725,,,,,101,1,1434,Johnstone,148.5382,-28.6787,RBWH,Ned Hanlon Dr
Route 396 - 396 - RBWH,1990-01-01 12:00:00,1990-01-02 05:14:48,1990-01-01 02:00:00,1990-01-01 19:14:48,995.17309174,1601.57904732,1032.05858899,,,,,396,1,1066,Wangan,146.0083,-17.57463,RBWH,Ned Hanlon Dr
Route 288 - 288 - RBWH,1990-01-01 12:00:00,1990-01-02 00:35:07.000001,1990-01-01 02:00:00,1990-01-01 14:35:07,732.45720772,1178.77797005,756.94033796,,,,,288,1,1180,Longreach,144.2475,-23.44447,RBWH,Ned Hanlon Dr
Route 257 - 257 - RBWH,1990-01-01 12:00:00,1990-01-01 22:29:45.000001,1990-01-01 02:00:00,1990-01-01 12:29:45,601.88777775,968.64642109,630.76961339,,,,,257,1,1149,Walkerston,149.0554,-21.16249,RBWH,Ned Hanlon Dr
Route 158 - 158 - RBWH,1990-01-01 12:00:00,1990-01-01 14:57:33,1990-01-01 02:00:00,1990-01-01 04:57:33,166.81087534,268.45661827,177.8595702,,,,,158,1,1272,Cherbourg,151.9565,-26.28971,RBWH,Ned Hanlon Dr
Route 103 - 103 - RBWH,1990-01-01 12:00:00,1990-01-01 15:25:56,1990-01-01 02:00:00,1990-01-01 05:25:56,188.85267232,303.92952293,205.81580742,,,,,103,1,1436,Texas,151.1692,-28.85306,RBWH,Ned Hanlon Dr
Route 178 - 178 - RBWH,1990-01-01 12:00:00,1990-01-01 13:43:37,1990-01-01 02:00:00,1990-01-01 03:43:37,90.89458398,146.28094592,103.22511637,,,,,178,1,1292,Kenilworth,152.727,-26.59522,RBWH,Ned Hanlon Dr
Route 124 - 124 - RBWH,1990-01-01 12:00:00,1990-01-01 15:10:22,1990-01-01 02:00:00,1990-01-01 05:10:22,176.2050969,283.57518262,190.69808506,,,,,124,1,1238,Sunshine Acres,152.7889,-25.35801,RBWH,Ned Hanlon Dr
Route 113 - 113 - RBWH,1990-01-01 12:00:00,1990-01-01 15:16:46,1990-01-01 02:00:00,1990-01-01 05:16:46.000001,186.57600003,300.26556673,197.08035129,,,,,113,1,1227,Burrum Heads,152.609,-25.18701,RBWH,Ned Hanlon Dr
Route 104 - 104 - RBWH,1990-01-01 12:00:00,1990-01-01 14:58:36,1990-01-01 02:00:00,1990-01-01 04:58:36,159.0768114,256.00982398,178.44186179,,,,,104,1,1437,Wallangarra,151.9262,-28.92345,RBWH,Ned Hanlon Dr
Route 217 - 217 - RBWH,1990-01-01 12:00:00,1990-01-01 12:44:03,1990-01-01 02:00:00,1990-01-01 02:44:03,32.17627125,51.78279264,43.94919288,,,,,217,1,1331,Beachmere,153.0514,-27.12968,RBWH,Ned Hanlon Dr
Route 174 - 174 - RBWH,1990-01-01 12:00:00,1990-01-01 14:39:34,1990-01-01 02:00:00,1990-01-01 04:39:34.000001,135.42578241,217.94710627,159.72658609,,,,,174,1,1288,Kingaroy,151.8443,-26.53645,RBWH,Ned Hanlon Dr
Route 105 - 105 - RBWH,1990-01-01 12:00:00,1990-01-02 10:59:36.000001,1990-01-01 02:00:00,1990-01-02 00:59:36,1302.56797833,2096.28415309,1379.36048312,,,,,105,1,1438,Birdsville,139.3551,-25.8978,RBWH,Ned Hanlon Dr
Route 349 - 349 - RBWH,1990-01-01 12:00:00,1990-01-02 17:00:05,1990-01-01 02:00:00,1990-01-02 07:00:05,1598.68694802,2572.84239335,1745.42225517,,,,,349,1,1019,Mapoon,141.8976,-12.02178,RBWH,Ned Hanlon Dr
Route 287 - 287 - RBWH,1990-01-01 12:00:00,1990-01-01 18:49:17,1990-01-01 02:00:00,1990-01-01 08:49:17,388.75238724,625.63757317,410.28445151,,,,,287,1,1179,Gracemere,150.4558,-23.43865,RBWH,Ned Hanlon Dr
Route 218 - 218 - RBWH,1990-01-01 12:00:00,1990-01-01 16:55:44,1990-01-01 02:00:00,1990-01-01 06:55:44.000001,278.28346727,447.85472406,295.65758457,,,,,218,1,1332,Surat,149.0666,-27.15384,RBWH,Ned Hanlon Dr
Route 164 - 164 - RBWH,1990-01-01 12:00:00,1990-01-01 13:32:15,1990-01-01 02:00:00,1990-01-01 03:32:15,81.06328581,130.45897356,91.91360988,,,,,164,1,1278,Forest Acres,152.9413,-26.36638,RBWH,Ned Hanlon Dr
Route 141 - 141 - RBWH,1990-01-01 12:00:00,1990-01-01 14:29:57,1990-01-01 02:00:00,1990-01-01 04:29:57,142.40287076,229.175664,150.16702878,,,,,141,1,1255,Bauple Forest,152.636,-25.85212,RBWH,Ned Hanlon Dr
Route 106 - 106 - RBWH,1990-01-01 12:00:00,1990-01-02 01:10:15,1990-01-01 02:00:00,1990-01-01 15:10:15,773.92612348,1245.51585429,793.52343024,,,,,106,1,1439,Durham,141.811455,-27.397056,RBWH,Ned Hanlon Dr
Route 411 - 411 - RBWH,1990-01-01 12:00:00,1990-01-02 04:59:32,1990-01-01 02:00:00,1990-01-01 18:59:32,980.82445549,1578.48710947,1018.0983179,,,,,411,1,1081,South Mission Beach,146.0909,-17.94652,RBWH,Ned Hanlon Dr
Route 372 - 372 - RBWH,1990-01-01 12:00:00,1990-01-02 06:55:22,1990-01-01 02:00:00,1990-01-01 20:55:22,1081.56714194,1740.61707172,1135.53087818,,,,,372,1,1042,Mareeba,145.4221,-16.9965,RBWH,Ned Hanlon Dr
Route 301 - 301 - RBWH,1990-01-01 12:00:00,1990-01-01 17:50:08,1990-01-01 02:00:00,1990-01-01 07:50:08,326.67406821,525.73200309,351.93196236,,,,,301,1,1193,Gladstone,151.2578,-23.84753,RBWH,Ned Hanlon Dr
Route 280 - 280 - RBWH,1990-01-01 12:00:00,1990-01-01 19:29:59,1990-01-01 02:00:00,1990-01-01 09:29:59,420.95747922,677.46674837,450.72458026,,,,,280,1,1172,Mulambin,150.7857,-23.19155,RBWH,Ned Hanlon Dr
Route 244 - 244 - RBWH,1990-01-01 12:00:00,1990-01-02 05:50:04,1990-01-01 02:00:00,1990-01-01 19:50:04,1045.78259749,1683.02731463,1069.47634654,,,,,244,1,1136,Richmond,143.1423,-20.73186,RBWH,Ned Hanlon Dr
Route 107 - 107 - RBWH,1990-01-01 12:00:00,1990-01-01 22:37:53,1990-01-01 02:00:00,1990-01-01 12:37:53,618.86173803,995.96341685,641.69697254,,,,,107,1,1440,Hungerford,144.409847,-28.996741,RBWH,Ned Hanlon Dr
Route 431 - 431 - RBWH,1990-01-01 12:00:00,1990-01-02 02:46:41,1990-01-01 02:00:00,1990-01-01 16:46:41,857.34820544,1379.77094988,888.30365897,,,,,431,1,1101,Bluewater,146.5589,-19.1675,RBWH,Ned Hanlon Dr
Route 109 - 109 - RBWH,1990-01-01 12:00:00,1990-01-01 16:00:44,1990-01-01 02:00:00,1990-01-01 06:00:44,229.61968387,369.53779959,241.06072999,,,,,109,1,1223,Gin Gin,151.9557,-24.99157,RBWH,Ned Hanlon Dr
Route 398 - 398 - RBWH,1990-01-01 12:00:00,1990-01-02 05:11:15,1990-01-01 02:00:00,1990-01-01 19:11:15,993.39014671,1598.70966968,1028.75914373,,,,,398,1,1068,South Johnstone,145.9951,-17.60097,RBWH,Ned Hanlon Dr
Route 314 - 314 - RBWH,1990-01-01 12:00:00,1990-01-01 22:25:40,1990-01-01 02:00:00,1990-01-01 12:25:40,599.59778366,964.96102546,626.22187562,,,,,314,1,1206,Blackall,145.4645,-24.42336,RBWH,Ned Hanlon Dr
Route 125 - 125 - RBWH,1990-01-01 12:00:00,1990-01-01 15:18:30,1990-01-01 02:00:00,1990-01-01 05:18:30,184.0160646,296.14574176,198.84125397,,,,,125,1,1239,Booral,152.9037,-25.36202,RBWH,Ned Hanlon Dr
Route 111 - 111 - RBWH,1990-01-01 12:00:00,1990-01-01 15:35:02,1990-01-01 02:00:00,1990-01-01 05:35:02,204.4020983,328.95394839,215.31485235,,,,,111,1,1225,Cordalba,152.2111,-25.15681,RBWH,Ned Hanlon Dr
Route 133 - 133 - RBWH,1990-01-01 12:00:00,1990-01-01 14:44:48,1990-01-01 02:00:00,1990-01-01 04:44:48,158.5584129,255.17554081,165.11363905,,,,,133,1,1247,Maaroom,152.8722,-25.61156,RBWH,Ned Hanlon Dr
Route 115 - 115 - RBWH,1990-01-01 12:00:00,1990-01-01 15:28:28,1990-01-01 02:00:00,1990-01-01 05:28:28.000001,198.76583053,319.88323653,208.7951856,,,,,115,1,1229,Apple Tree Creek,152.2338,-25.22391,RBWH,Ned Hanlon Dr
Route 410 - 410 - RBWH,1990-01-01 12:00:00,1990-01-02 11:12:08,1990-01-01 02:00:00,1990-01-02 01:12:08,1366.55148348,2199.25582915,1393.97444101,,,,,410,1,1080,Doomadgee,138.824,-17.94141,RBWH,Ned Hanlon Dr
Route 116 - 116 - RBWH,1990-01-01 12:00:00,1990-01-01 15:12:51,1990-01-01 02:00:00,1990-01-01 05:12:51,183.39013241,295.13839954,193.13538924,,,,,116,1,1230,Burrum Heads - South,152.5934,-25.23535,RBWH,Ned Hanlon Dr
Route 389 - 389 - RBWH,1990-01-01 12:00:00,1990-01-02 06:07:08,1990-01-01 02:00:00,1990-01-01 20:07:08.000001,1043.76023624,1679.77263317,1084.32759592,,,,,389,1,1059,Tarzali,145.61,-17.42092,RBWH,Ned Hanlon Dr
Route 303 - 303 - RBWH,1990-01-01 12:00:00,1990-01-01 17:34:56,1990-01-01 02:00:00,1990-01-01 07:34:56,316.30924541,509.05140434,336.73657981,,,,,303,1,1195,Wurdong Heights,151.3025,-23.98485,RBWH,Ned Hanlon Dr
Route 246 - 246 - RBWH,1990-01-01 12:00:00,1990-01-01 22:54:33,1990-01-01 02:00:00,1990-01-01 12:54:33,624.1252786,1004.43428124,656.0605582,,,,,246,1,1138,Seaforth,148.9607,-20.89524,RBWH,Ned Hanlon Dr
Route 154 - 154 - RBWH,1990-01-01 12:00:00,1990-01-01 20:23:54,1990-01-01 02:00:00,1990-01-01 10:23:54,476.95577603,767.58745159,503.8326517,,,,,154,1,1268,Gowrie,146.3207,-26.23114,RBWH,Ned Hanlon Dr
Route 135 - 135 - RBWH,1990-01-01 12:00:00,1990-01-01 17:09:06,1990-01-01 02:00:00,1990-01-01 07:09:06,288.87110827,464.89391466,309.92353277,,,,,135,1,1249,Taroom,149.7974,-25.6412,RBWH,Ned Hanlon Dr
Route 118 - 118 - RBWH,1990-01-01 12:00:00,1990-01-01 15:14:12,1990-01-01 02:00:00,1990-01-01 05:14:12,183.3817481,295.12490626,194.49792255,,,,,118,1,1232,Toogoom,152.6898,-25.25614,RBWH,Ned Hanlon Dr
Route 121 - 121 - RBWH,1990-01-01 12:00:00,1990-01-01 15:05:53,1990-01-01 02:00:00,1990-01-01 05:05:53,176.71130396,284.38984553,186.14903768,,,,,121,1,1235,Howard,152.5602,-25.31648,RBWH,Ned Hanlon Dr
Route 441 - 441 - RBWH,1990-01-01 12:00:00,1990-01-02 02:14:26,1990-01-01 02:00:00,1990-01-01 16:14:26,826.83344639,1330.66210727,856.00217114,,,,,441,1,1111,Cungulla,147.1112,-19.40128,RBWH,Ned Hanlon Dr
Route 175 - 175 - RBWH,1990-01-01 12:00:00,1990-01-01 13:15:43,1990-01-01 02:00:00,1990-01-01 03:15:43,66.40565557,106.86975709,75.4560253,,,,,175,1,1289,Yandina,152.9565,-26.56212,RBWH,Ned Hanlon Dr
Route 122 - 122 - RBWH,1990-01-01 12:00:00,1990-01-01 15:02:29.000001,1990-01-01 02:00:00,1990-01-01 05:02:29,173.78668889,279.68312441,182.81941329,,,,,122,1,1236,Torbanlea,152.596,-25.34752,RBWH,Ned Hanlon Dr
Route 358 - 358 - RBWH,1990-01-01 12:00:00,1990-01-02 14:26:56,1990-01-01 02:00:00,1990-01-02 04:26:56,1518.88185893,2444.4082952,1585.55000327,,,,,358,1,1028,Kowanyama,141.7435,-15.47744,RBWH,Ned Hanlon Dr
Route 329 - 329 - RBWH,1990-01-01 12:00:00,1990-01-01 18:07:10,1990-01-01 02:00:00,1990-01-01 08:07:10,347.42646622,559.12981711,368.5676776,,,,,329,1,1221,Theodore,150.075,-24.94678,RBWH,Ned Hanlon Dr
Route 317 - 317 - RBWH,1990-01-01 12:00:00,1990-01-01 16:19:45,1990-01-01 02:00:00,1990-01-01 06:19:45,240.77782623,387.49512496,260.17849791,,,,,317,1,1209,Moore Park,152.2757,-24.71776,RBWH,Ned Hanlon Dr
Route 239 - 239 - RBWH,1990-01-01 12:00:00,1990-01-02 00:31:28,1990-01-01 02:00:00,1990-01-01 14:31:28.000001,725.14404468,1167.00855145,753.76191659,,,,,239,1,1131,Scottville,147.8184,-20.57206,RBWH,Ned Hanlon Dr
Route 196 - 196 - RBWH,1990-01-01 12:00:00,1990-01-01 13:00:02.000001,1990-01-01 02:00:00,1990-01-01 03:00:02,46.44816822,74.75123034,59.8572434,,,,,196,1,1310,Landsborough,152.9652,-26.80826,RBWH,Ned Hanlon Dr
Route 127 - 127 - RBWH,1990-01-01 12:00:00,1990-01-01 15:21:53,1990-01-01 02:00:00,1990-01-01 05:21:53,186.30017794,299.8216732,202.25579529,,,,,127,1,1241,River Heads,152.9102,-25.39864,RBWH,Ned Hanlon Dr
Route 176 - 176 - RBWH,1990-01-01 12:00:00,1990-01-01 17:20:01,1990-01-01 02:00:00,1990-01-01 07:20:01,297.07005263,478.08886297,320.82742859,,,,,176,1,1290,Roma,148.7879,-26.57094,RBWH,Ned Hanlon Dr
Route 129 - 129 - RBWH,1990-01-01 12:00:00,1990-01-01 15:11:27.000001,1990-01-01 02:00:00,1990-01-01 05:11:27,179.54075166,288.94340932,191.67878484,,,,,129,1,1243,Biggenden,152.0449,-25.50952,RBWH,Ned Hanlon Dr
Route 373 - 373 - RBWH,1990-01-01 12:00:00,1990-01-02 06:50:36,1990-01-01 02:00:00,1990-01-01 20:50:36,1078.12449755,1735.07666154,1130.59145352,,,,,373,1,1043,Mareeba - South,145.4211,-17.05062,RBWH,Ned Hanlon Dr
Route 348 - 348 - RBWH,1990-01-01 12:00:00,1990-01-02 18:04:48,1990-01-01 02:00:00,1990-01-02 08:04:48.000001,1656.01377289,2665.10115953,1807.65339591,,,,,348,1,1018,Injinoo,142.3275,-10.90209,RBWH,Ned Hanlon Dr
Route 320 - 320 - RBWH,1990-01-01 12:00:00,1990-01-01 16:08:13,1990-01-01 02:00:00,1990-01-01 06:08:13,231.78431853,373.02144837,248.61895309,,,,,320,1,1212,Gooburrum,152.345,-24.81685,RBWH,Ned Hanlon Dr
Route 272 - 272 - RBWH,1990-01-01 12:00:00,1990-01-01 22:45:16,1990-01-01 02:00:00,1990-01-01 12:45:16,620.27986647,998.24567792,646.20294836,,,,,272,1,1164,Clermont,147.6374,-22.82681,RBWH,Ned Hanlon Dr
Route 210 - 210 - RBWH,1990-01-01 12:00:00,1990-01-01 12:48:43,1990-01-01 02:00:00,1990-01-01 02:48:43,37.98992201,61.13897533,48.59664338,,,,,210,1,1324,Toorbul,153.0991,-27.03348,RBWH,Ned Hanlon Dr
Route 186 - 186 - RBWH,1990-01-01 12:00:00,1990-01-01 15:48:20,1990-01-01 02:00:00,1990-01-01 05:48:20,209.38817512,336.97827726,228.61355021,,,,,186,1,1300,Miles,150.1857,-26.65858,RBWH,Ned Hanlon Dr
Route 153 - 153 - RBWH,1990-01-01 12:00:00,1990-01-01 13:55:17,1990-01-01 02:00:00,1990-01-01 03:55:17.000001,104.3455424,167.92820844,114.85440688,,,,,153,1,1267,Nahrunda,152.6127,-26.20237,RBWH,Ned Hanlon Dr
Route 130 - 130 - RBWH,1990-01-01 12:00:00,1990-01-01 14:55:18,1990-01-01 02:00:00,1990-01-01 04:55:18.000001,164.76770687,265.16845079,175.55829074,,,,,130,1,1244,Oakhurst,152.6206,-25.51008,RBWH,Ned Hanlon Dr
Route 131 - 131 - RBWH,1990-01-01 12:00:00,1990-01-01 14:51:44,1990-01-01 02:00:00,1990-01-01 04:51:44,162.42589049,261.39965511,172.04371261,,,,,131,1,1245,Maryborough,152.6935,-25.52726,RBWH,Ned Hanlon Dr
Route 422 - 422 - RBWH,1990-01-01 12:00:00,1990-01-02 03:36:15,1990-01-01 02:00:00,1990-01-01 17:36:15,906.1876735,1458.37061196,937.87137906,,,,,422,1,1092,Ingham,146.1581,-18.64706,RBWH,Ned Hanlon Dr
Route 353 - 353 - RBWH,1990-01-01 12:00:00,1990-01-02 15:55:58,1990-01-01 02:00:00,1990-01-02 05:55:58,1560.74145279,2511.77491614,1678.60182074,,,,,353,1,1023,Aurukun,141.7292,-13.35609,RBWH,Ned Hanlon Dr
Route 132 - 132 - RBWH,1990-01-01 12:00:00,1990-01-01 16:01:18,1990-01-01 02:00:00,1990-01-01 06:01:18,226.94283612,365.22982211,241.57125258,,,,,132,1,1246,Mundubbera,151.2992,-25.59115,RBWH,Ned Hanlon Dr
Route 426 - 426 - RBWH,1990-01-01 12:00:00,1990-01-02 03:19:50,1990-01-01 02:00:00,1990-01-01 17:19:50,848.78522458,1365.99014045,921.52945707,,,,,426,1,1096,Horseshoe Bay,146.8597,-19.11815,RBWH,Ned Hanlon Dr
Route 165 - 165 - RBWH,1990-01-01 12:00:00,1990-01-01 13:29:00,1990-01-01 02:00:00,1990-01-01 03:29:00,80.5881857,129.69437252,88.69008257,,,,,165,1,1279,Black Mountain,152.8819,-26.40467,RBWH,Ned Hanlon Dr
Route 136 - 136 - RBWH,1990-01-01 12:00:00,1990-01-01 14:41:57,1990-01-01 02:00:00,1990-01-01 04:41:57,154.54482127,248.71627827,162.21970781,,,,,136,1,1250,Boonooroo - Tuan,152.8771,-25.6788,RBWH,Ned Hanlon Dr
Route 266 - 266 - RBWH,1990-01-01 12:00:00,1990-01-01 22:03:32.000001,1990-01-01 02:00:00,1990-01-01 12:03:32,579.08401201,931.94724412,604.15695192,,,,,266,1,1158,Armstrong Beach,149.2873,-21.45078,RBWH,Ned Hanlon Dr
Route 169 - 169 - RBWH,1990-01-01 12:00:00,1990-01-01 13:28:25,1990-01-01 02:00:00,1990-01-01 03:28:25,77.45797985,124.65678444,88.11375673,,,,,169,1,1283,Doonan - Tinbeerwah,153.0119,-26.43781,RBWH,Ned Hanlon Dr
Route 137 - 137 - RBWH,1990-01-01 12:00:00,1990-01-01 14:39:39,1990-01-01 02:00:00,1990-01-01 04:39:39,152.76538534,245.85254801,159.93525977,,,,,137,1,1251,Poona,152.9052,-25.71673,RBWH,Ned Hanlon Dr
Route 429 - 429 - RBWH,1990-01-01 12:00:00,1990-01-02 03:14:01,1990-01-01 02:00:00,1990-01-01 17:14:01,845.6933379,1361.01422122,915.74940665,,,,,429,1,1099,Nelly Bay,146.8484,-19.15696,RBWH,Ned Hanlon Dr
Route 146 - 146 - RBWH,1990-01-01 12:00:00,1990-01-01 14:05:15.000001,1990-01-01 02:00:00,1990-01-01 04:05:15,112.98341975,181.82955234,124.82329732,,,,,146,1,1260,Curra,152.5881,-26.07081,RBWH,Ned Hanlon Dr
Route 138 - 138 - RBWH,1990-01-01 12:00:00,1990-01-01 14:32:28,1990-01-01 02:00:00,1990-01-01 04:32:28,144.74335471,232.94231533,152.72242262,,,,,138,1,1252,Tiaro,152.584,-25.725,RBWH,Ned Hanlon Dr
Route 294 - 294 - RBWH,1990-01-01 12:00:00,1990-01-01 20:33:26,1990-01-01 02:00:00,1990-01-01 10:33:26,492.05795077,791.89209451,513.86103388,,,,,294,1,1186,Bluff,149.0695,-23.57993,RBWH,Ned Hanlon Dr
Route 201 - 201 - RBWH,1990-01-01 12:00:00,1990-01-01 12:52:38,1990-01-01 02:00:00,1990-01-01 02:52:38,40.76994984,65.61300539,52.51068299,,,,,201,1,1315,Glass House Mountain,152.9507,-26.89771,RBWH,Ned Hanlon Dr
Route 142 - 142 - RBWH,1990-01-01 12:00:00,1990-01-01 14:39:23,1990-01-01 02:00:00,1990-01-01 04:39:23,150.83812498,242.75091691,159.70319855,,,,,142,1,1256,Rainbow Beach,153.0922,-25.90782,RBWH,Ned Hanlon Dr
Route 404 - 404 - RBWH,1990-01-01 12:00:00,1990-01-02 05:03:33,1990-01-01 02:00:00,1990-01-01 19:03:33,986.21107946,1587.15605777,1021.82689678,,,,,404,1,1074,Kurrimine,146.1047,-17.77796,RBWH,Ned Hanlon Dr
Route 181 - 181 - RBWH,1990-01-01 12:00:00,1990-01-01 22:19:39,1990-01-01 02:00:00,1990-01-01 12:19:39.000001,593.96074164,955.88906757,620.20666074,,,,,181,1,1295,Quilpie,144.2683,-26.61502,RBWH,Ned Hanlon Dr
Route 143 - 143 - RBWH,1990-01-01 12:00:00,1990-01-01 14:25:58,1990-01-01 02:00:00,1990-01-01 04:25:58,138.07757291,222.21475793,146.22167225,,,,,143,1,1257,Tin Can Bay,153.0031,-25.91357,RBWH,Ned Hanlon Dr
Route 421 - 421 - RBWH,1990-01-01 12:00:00,1990-01-02 03:41:16,1990-01-01 02:00:00,1990-01-01 17:41:16,911.14122319,1466.34259338,942.94731327,,,,,421,1,1091,Trebonne,146.0781,-18.62689,RBWH,Ned Hanlon Dr
Route 377 - 377 - RBWH,1990-01-01 12:00:00,1990-01-02 08:22:46,1990-01-01 02:00:00,1990-01-01 22:22:46,1154.69986111,1858.31300991,1226.51670047,,,,,377,1,1047,Chillagoe,144.5225,-17.15243,RBWH,Ned Hanlon Dr
Route 166 - 166 - RBWH,1990-01-01 12:00:00,1990-01-01 20:09:47,1990-01-01 02:00:00,1990-01-01 10:09:47,462.94468107,745.03873488,489.73415038,,,,,166,1,1280,Charleville,146.2416,-26.40697,RBWH,Ned Hanlon Dr
Route 157 - 157 - RBWH,1990-01-01 12:00:00,1990-01-01 13:47:04,1990-01-01 02:00:00,1990-01-01 03:47:04,95.01469824,152.91164034,106.61624467,,,,,157,1,1271,Boreen Point,152.9952,-26.28443,RBWH,Ned Hanlon Dr
Route 144 - 144 - RBWH,1990-01-01 12:00:00,1990-01-01 14:18:57,1990-01-01 02:00:00,1990-01-01 04:18:57.000001,131.92187883,212.30810877,139.17840418,,,,,144,1,1258,Glenwood,152.6324,-25.94735,RBWH,Ned Hanlon Dr
Route 326 - 326 - RBWH,1990-01-01 12:00:00,1990-01-01 21:21:57,1990-01-01 02:00:00,1990-01-01 11:21:57,536.50187363,863.41779814,562.09355156,,,,,326,1,1218,Tambo,146.2549,-24.88339,RBWH,Ned Hanlon Dr
Route 302 - 302 - RBWH,1990-01-01 12:00:00,1990-01-01 17:36:16.000001,1990-01-01 02:00:00,1990-01-01 07:36:16,316.52750898,509.40266622,338.04823772,,,,,302,1,1194,Tannum Sands,151.3685,-23.94867,RBWH,Ned Hanlon Dr
Route 290 - 290 - RBWH,1990-01-01 12:00:00,1990-01-01 21:34:33,1990-01-01 02:00:00,1990-01-01 11:34:33,550.9013948,886.5916275,574.91706958,,,,,290,1,1182,Emerald,148.1598,-23.52349,RBWH,Ned Hanlon Dr
Route 285 - 285 - RBWH,1990-01-01 12:00:00,1990-01-01 18:50:45,1990-01-01 02:00:00,1990-01-01 08:50:45,389.38203911,626.65090166,411.70427861,,,,,285,1,1177,Rockhampton,150.4974,-23.38918,RBWH,Ned Hanlon Dr
Route 232 - 232 - RBWH,1990-01-01 12:00:00,1990-01-02 03:05:39,1990-01-01 02:00:00,1990-01-01 17:05:39.000001,880.31132061,1416.7265754,907.07894845,,,,,232,1,1124,Ravenswood,146.8898,-20.10146,RBWH,Ned Hanlon Dr
Route 162 - 162 - RBWH,1990-01-01 12:00:00,1990-01-01 13:41:32,1990-01-01 02:00:00,1990-01-01 03:41:32,87.94887168,141.54027202,101.16789266,,,,,162,1,1276,Cooroibah,152.9939,-26.35897,RBWH,Ned Hanlon Dr
Route 149 - 149 - RBWH,1990-01-01 12:00:00,1990-01-01 15:25:09,1990-01-01 02:00:00,1990-01-01 05:25:09.000001,190.68378256,306.87641511,205.46422914,,,,,149,1,1263,Proston,151.603,-26.16377,RBWH,Ned Hanlon Dr
Route 216 - 216 - RBWH,1990-01-01 12:00:00,1990-01-01 13:24:41,1990-01-01 02:00:00,1990-01-01 03:24:41,73.66439461,118.55158858,84.72123002,,,,,216,1,1330,Toogoolawah,152.3753,-27.08821,RBWH,Ned Hanlon Dr
Route 151 - 151 - RBWH,1990-01-01 12:00:00,1990-01-01 13:51:06,1990-01-01 02:00:00,1990-01-01 03:51:06,101.21856072,162.89580917,110.64614234,,,,,151,1,1265,Gympie,152.6706,-26.18893,RBWH,Ned Hanlon Dr
Route 268 - 268 - RBWH,1990-01-01 12:00:00,1990-01-01 23:06:00,1990-01-01 02:00:00,1990-01-01 13:06:00,646.44270456,1040.35076863,667.72936296,,,,,268,1,1160,Moranbah,148.0456,-22.0039,RBWH,Ned Hanlon Dr
Route 219 - 219 - RBWH,1990-01-01 12:00:00,1990-01-01 14:19:52,1990-01-01 02:00:00,1990-01-01 04:19:52,130.58519683,210.15692332,139.7969095,,,,,219,1,1333,Dalby,151.261,-27.18328,RBWH,Ned Hanlon Dr
Route 152 - 152 - RBWH,1990-01-01 12:00:00,1990-01-01 13:58:03,1990-01-01 02:00:00,1990-01-01 03:58:03,106.47522474,171.3556068,117.58629237,,,,,152,1,1266,The Palms,152.5889,-26.19336,RBWH,Ned Hanlon Dr
Route 262 - 262 - RBWH,1990-01-01 12:00:00,1990-01-01 22:13:22,1990-01-01 02:00:00,1990-01-01 12:13:22,586.01145184,943.09590014,614.05301864,,,,,262,1,1154,Grasstree Beach,149.3067,-21.36404,RBWH,Ned Hanlon Dr
Route 155 - 155 - RBWH,1990-01-01 12:00:00,1990-01-01 13:51:22,1990-01-01 02:00:00,1990-01-01 03:51:22,102.22767889,164.5198307,110.90820039,,,,,155,1,1269,Pie Creek,152.6277,-26.23769,RBWH,Ned Hanlon Dr
Route 156 - 156 - RBWH,1990-01-01 12:00:00,1990-01-01 14:54:29,1990-01-01 02:00:00,1990-01-01 04:54:29,164.03107694,263.98295745,174.79413207,,,,,156,1,1270,Murgon,151.9402,-26.24246,RBWH,Ned Hanlon Dr
Route 256 - 256 - RBWH,1990-01-01 12:00:00,1990-01-01 22:45:18,1990-01-01 02:00:00,1990-01-01 12:45:18,615.30384921,990.23753837,646.84930862,,,,,256,1,1148,Mirani,148.8653,-21.16023,RBWH,Ned Hanlon Dr
Route 161 - 161 - RBWH,1990-01-01 12:00:00,1990-01-01 13:43:37,1990-01-01 02:00:00,1990-01-01 03:43:37,94.78232188,152.53766609,103.20638108,,,,,161,1,1275,Amamoor,152.6748,-26.34607,RBWH,Ned Hanlon Dr
Route 259 - 259 - RBWH,1990-01-01 12:00:00,1990-01-01 22:28:05,1990-01-01 02:00:00,1990-01-01 12:28:05,600.27385798,966.04906379,629.30975939,,,,,259,1,1151,Eton,148.9732,-21.26365,RBWH,Ned Hanlon Dr
Route 163 - 163 - RBWH,1990-01-01 12:00:00,1990-01-01 13:32:19,1990-01-01 02:00:00,1990-01-01 03:32:19,82.52585992,132.81276313,92.01063717,,,,,163,1,1277,Pomona,152.8533,-26.36256,RBWH,Ned Hanlon Dr
Route 390 - 390 - RBWH,1990-01-01 12:00:00,1990-01-02 10:40:52.000001,1990-01-01 02:00:00,1990-01-02 00:40:52,1339.2814178,2155.36882478,1362.76513819,,,,,390,1,1060,Karumba,140.8383,-17.48673,RBWH,Ned Hanlon Dr
Route 295 - 295 - RBWH,1990-01-01 12:00:00,1990-01-01 19:06:44,1990-01-01 02:00:00,1990-01-01 09:06:44,402.15797993,647.21182647,427.49117657,,,,,295,1,1187,Mount Morgan,150.3881,-23.64464,RBWH,Ned Hanlon Dr
Route 228 - 228 - RBWH,1990-01-01 12:00:00,1990-01-02 00:17:44,1990-01-01 02:00:00,1990-01-01 14:17:44,714.36241777,1149.65717018,740.71606102,,,,,228,1,1120,Bowen,148.2418,-20.01494,RBWH,Ned Hanlon Dr
Route 167 - 167 - RBWH,1990-01-01 12:00:00,1990-01-01 13:39:54,1990-01-01 02:00:00,1990-01-01 03:39:54,81.48862215,131.14348741,99.51073689,,,,,167,1,1281,Sunshine Beach,153.1058,-26.41021,RBWH,Ned Hanlon Dr
Route 414 - 414 - RBWH,1990-01-01 12:00:00,1990-01-02 09:19:18,1990-01-01 02:00:00,1990-01-01 23:19:18,1246.71216703,2006.39275852,1280.4264967,,,,,414,1,1084,Croydon,142.2422,-18.2051,RBWH,Ned Hanlon Dr
Route 292 - 292 - RBWH,1990-01-01 12:00:00,1990-01-01 20:46:50,1990-01-01 02:00:00,1990-01-01 10:46:50,504.25381652,811.51947714,527.19517426,,,,,292,1,1184,Blackwater,148.8834,-23.5779,RBWH,Ned Hanlon Dr
Route 230 - 230 - RBWH,1990-01-01 12:00:00,1990-01-02 02:21:25,1990-01-01 02:00:00,1990-01-01 16:21:25.000001,841.68133491,1354.55751537,865.64227453,,,,,230,1,1122,Charters Towers,146.2598,-20.07699,RBWH,Ned Hanlon Dr
Route 172 - 172 - RBWH,1990-01-01 12:00:00,1990-01-01 13:21:16,1990-01-01 02:00:00,1990-01-01 03:21:16.000001,71.67809032,115.3549353,80.95713196,,,,,172,1,1286,Eumundi,152.9513,-26.47643,RBWH,Ned Hanlon Dr
Route 252 - 252 - RBWH,1990-01-01 12:00:00,1990-01-01 22:31:17,1990-01-01 02:00:00,1990-01-01 12:31:17,603.54993704,971.32141252,632.28513923,,,,,252,1,1144,Erakala,149.1071,-21.12326,RBWH,Ned Hanlon Dr
Route 177 - 177 - RBWH,1990-01-01 12:00:00,1990-01-01 16:53:49,1990-01-01 02:00:00,1990-01-01 06:53:49,272.09368505,437.89321526,294.19945913,,,,,177,1,1291,Wallumbilla,149.187,-26.58483,RBWH,Ned Hanlon Dr
Route 423 - 423 - RBWH,1990-01-01 12:00:00,1990-01-02 03:48:26,1990-01-01 02:00:00,1990-01-01 17:48:26,917.40130295,1476.41723534,950.04322214,,,,,423,1,1093,Allingham,146.2953,-18.70771,RBWH,Ned Hanlon Dr
Route 206 - 206 - RBWH,1990-01-01 12:00:00,1990-01-01 12:47:18,1990-01-01 02:00:00,1990-01-01 02:47:18,36.70438854,59.07010561,47.18541246,,,,,206,1,1320,Beerburrum,152.955,-26.96138,RBWH,Ned Hanlon Dr
Route 179 - 179 - RBWH,1990-01-01 12:00:00,1990-01-01 13:22:31,1990-01-01 02:00:00,1990-01-01 03:22:31,67.95366281,109.36103824,82.21793795,,,,,179,1,1293,Kureelpa,152.8837,-26.60834,RBWH,Ned Hanlon Dr
Route 343 - 343 - RBWH,1990-01-01 12:00:00,1990-01-02 20:50:05,1990-01-01 02:00:00,1990-01-02 10:50:05,1691.52559531,2722.25201216,1968.48341457,,,,,343,1,1013,Horn Island,142.2837,-10.60644,RBWH,Ned Hanlon Dr
Route 297 - 297 - RBWH,1990-01-01 12:00:00,1990-01-01 23:15:52,1990-01-01 02:00:00,1990-01-01 13:15:52,655.17687705,1054.40708484,677.75049538,,,,,297,1,1189,Alpha,146.6387,-23.65028,RBWH,Ned Hanlon Dr
Route 187 - 187 - RBWH,1990-01-01 12:00:00,1990-01-01 13:09:48,1990-01-01 02:00:00,1990-01-01 03:09:48,59.77116403,96.1925566,69.61352866,,,,,187,1,1301,Woombye,152.9666,-26.66148,RBWH,Ned Hanlon Dr
Route 395 - 395 - RBWH,1990-01-01 12:00:00,1990-01-02 05:17:30,1990-01-01 02:00:00,1990-01-01 19:17:30,997.35680763,1605.09340441,1034.64119629,,,,,395,1,1065,Innisfail,146.0299,-17.52363,RBWH,Ned Hanlon Dr
Route 263 - 263 - RBWH,1990-01-01 12:00:00,1990-01-01 22:11:44.000001,1990-01-01 02:00:00,1990-01-01 12:11:44,584.1130923,940.0407805,612.41981065,,,,,263,1,1155,Campwin Beach,149.313,-21.37793,RBWH,Ned Hanlon Dr
Route 237 - 237 - RBWH,1990-01-01 12:00:00,1990-01-01 23:38:22,1990-01-01 02:00:00,1990-01-01 13:38:22,673.41276312,1083.75495737,701.88075351,,,,,237,1,1129,Proserpine,148.5821,-20.40489,RBWH,Ned Hanlon Dr
Route 189 - 189 - RBWH,1990-01-01 12:00:00,1990-01-01 13:14:16,1990-01-01 02:00:00,1990-01-01 03:14:16,61.58864176,99.11750932,74.0253089,,,,,189,1,1303,Palmwoods,152.9568,-26.69113,RBWH,Ned Hanlon Dr
Route 388 - 388 - RBWH,1990-01-01 12:00:00,1990-01-02 05:35:46,1990-01-01 02:00:00,1990-01-01 19:35:46,1011.43497408,1627.75006242,1051.46156022,,,,,388,1,1058,Mirriwinni,145.9089,-17.39951,RBWH,Ned Hanlon Dr
Route 366 - 366 - RBWH,1990-01-01 12:00:00,1990-01-02 07:20:50.000001,1990-01-01 02:00:00,1990-01-01 21:20:50,1095.73243671,1763.41394945,1161.90048581,,,,,366,1,1036,Craiglie,145.467,-16.51455,RBWH,Ned Hanlon Dr
Route 346 - 346 - RBWH,1990-01-01 12:00:00,1990-01-02 18:08:26,1990-01-01 02:00:00,1990-01-02 08:08:26.000001,1658.11698502,2668.48595811,1811.22670282,,,,,346,1,1016,Umagico,142.3489,-10.88916,RBWH,Ned Hanlon Dr
Route 308 - 308 - RBWH,1990-01-01 12:00:00,1990-01-01 17:27:16,1990-01-01 02:00:00,1990-01-01 07:27:16,302.54619343,486.90187493,329.21863988,,,,,308,1,1200,Seventeen Seventy,151.8855,-24.16343,RBWH,Ned Hanlon Dr
Route 300 - 300 - RBWH,1990-01-01 12:00:00,1990-01-01 18:02:39,1990-01-01 02:00:00,1990-01-01 08:02:39.000001,343.2678182,552.43710849,364.29176592,,,,,300,1,1192,Mount Larcom,150.9799,-23.8124,RBWH,Ned Hanlon Dr
Route 193 - 193 - RBWH,1990-01-01 12:00:00,1990-01-01 13:06:24.000001,1990-01-01 02:00:00,1990-01-01 03:06:24,54.89773603,88.34951879,66.25907438,,,,,193,1,1307,Mooloolah,152.9616,-26.76553,RBWH,Ned Hanlon Dr
Route 418 - 418 - RBWH,1990-01-01 12:00:00,1990-01-02 03:49:15,1990-01-01 02:00:00,1990-01-01 17:49:15,917.05385939,1475.858078,950.84917262,,,,,418,1,1088,Halifax,146.2856,-18.58094,RBWH,Ned Hanlon Dr
Route 393 - 393 - RBWH,1990-01-01 12:00:00,1990-01-02 05:56:25,1990-01-01 02:00:00,1990-01-01 19:56:25.000001,1033.73468906,1663.63804671,1073.60718622,,,,,393,1,1063,Millaa Millaa,145.612,-17.51108,RBWH,Ned Hanlon Dr
Route 195 - 195 - RBWH,1990-01-01 12:00:00,1990-01-01 14:54:18,1990-01-01 02:00:00,1990-01-01 04:54:18,160.77564345,258.74383463,174.3786578,,,,,195,1,1309,Jandowae,151.1101,-26.78068,RBWH,Ned Hanlon Dr
Route 434 - 434 - RBWH,1990-01-01 12:00:00,1990-01-02 02:37:36,1990-01-01 02:00:00,1990-01-01 16:37:36,842.15547699,1355.3205746,879.1690342,,,,,434,1,1104,Pallarenda,146.773,-19.20234,RBWH,Ned Hanlon Dr
Route 401 - 401 - RBWH,1990-01-01 12:00:00,1990-01-02 06:47:15,1990-01-01 02:00:00,1990-01-01 20:47:15,1078.47397413,1735.63909069,1127.22203859,,,,,401,1,1071,Mount Garnet,145.1208,-17.67675,RBWH,Ned Hanlon Dr
Route 384 - 384 - RBWH,1990-01-01 12:00:00,1990-01-02 05:41:57,1990-01-01 02:00:00,1990-01-01 19:41:57,1015.61046996,1634.4698851,1057.0532651,,,,,384,1,1054,Babinda,145.9219,-17.3445,RBWH,Ned Hanlon Dr
Route 362 - 362 - RBWH,1990-01-01 12:00:00,1990-01-02 07:34:22.000001,1990-01-01 02:00:00,1990-01-01 21:34:22,1107.83953285,1782.89847095,1175.78741457,,,,,362,1,1032,Newell,145.4061,-16.425,RBWH,Ned Hanlon Dr
Route 355 - 355 - RBWH,1990-01-01 12:00:00,1990-01-02 13:21:17,1990-01-01 02:00:00,1990-01-02 03:21:17,1452.17715351,2337.05726305,1521.68476122,,,,,355,1,1025,Pormpuraaw,141.6245,-14.89198,RBWH,Ned Hanlon Dr
Route 352 - 352 - RBWH,1990-01-01 12:00:00,1990-01-02 16:42:38,1990-01-01 02:00:00,1990-01-02 06:42:38,1546.88845846,2489.48063825,1727.29748065,,,,,352,1,1022,Lockhart River,143.3424,-12.78591,RBWH,Ned Hanlon Dr
Route 342 - 342 - RBWH,1990-01-01 12:00:00,1990-01-02 20:34:32,1990-01-01 02:00:00,1990-01-02 10:34:32,1686.88074189,2714.77683023,1953.70212217,,,,,342,1,1012,Thursday Island,142.2167,-10.5804,RBWH,Ned Hanlon Dr
Route 197 - 197 - RBWH,1990-01-01 12:00:00,1990-01-01 14:05:08,1990-01-01 02:00:00,1990-01-01 04:05:08,101.53077607,163.39827209,124.71104284,,,,,197,1,1311,Yarraman,151.9796,-26.84046,RBWH,Ned Hanlon Dr
Route 307 - 307 - RBWH,1990-01-01 12:00:00,1990-01-01 19:53:32,1990-01-01 02:00:00,1990-01-01 09:53:32.000001,447.04772068,719.45500591,473.64172054,,,,,307,1,1199,Woorabinda,149.4575,-24.1306,RBWH,Ned Hanlon Dr
Route 286 - 286 - RBWH,1990-01-01 12:00:00,1990-01-01 22:15:24,1990-01-01 02:00:00,1990-01-01 12:15:24,588.50918264,947.11561625,615.92124808,,,,,286,1,1178,Rubyvale,147.6974,-23.42054,RBWH,Ned Hanlon Dr
Route 198 - 198 - RBWH,1990-01-01 12:00:00,1990-01-01 13:04:42,1990-01-01 02:00:00,1990-01-01 03:04:42,48.29584933,77.72479079,64.50937354,,,,,198,1,1312,Peachester,152.8871,-26.84242,RBWH,Ned Hanlon Dr
Route 413 - 413 - RBWH,1990-01-01 12:00:00,1990-01-02 04:47:50,1990-01-01 02:00:00,1990-01-01 18:47:50,971.41954805,1563.35134784,1007.20750536,,,,,413,1,1083,Tully Heads,146.0563,-18.01976,RBWH,Ned Hanlon Dr
Route 325 - 325 - RBWH,1990-01-01 12:00:00,1990-01-01 16:05:14.000001,1990-01-01 02:00:00,1990-01-01 06:05:14,233.28403581,375.4350142,245.54277921,,,,,325,1,1217,Innes Park,152.4823,-24.88137,RBWH,Ned Hanlon Dr
Route 199 - 199 - RBWH,1990-01-01 12:00:00,1990-01-01 12:57:31,1990-01-01 02:00:00,1990-01-01 02:57:31,43.68708425,70.30768754,57.33373188,,,,,199,1,1313,Beerwah,152.954,-26.85293,RBWH,Ned Hanlon Dr
Route 351 - 351 - RBWH,1990-01-01 12:00:00,1990-01-02 15:55:16,1990-01-01 02:00:00,1990-01-02 05:55:16.000001,1548.19945016,2491.59047909,1677.93078288,,,,,351,1,1021,Napranum,141.8909,-12.68153,RBWH,Ned Hanlon Dr
Route 261 - 261 - RBWH,1990-01-01 12:00:00,1990-01-01 23:20:17,1990-01-01 02:00:00,1990-01-01 13:20:17,651.28673918,1048.14650228,682.81253216,,,,,261,1,1153,Glenden,148.1138,-21.35315,RBWH,Ned Hanlon Dr
Route 200 - 200 - RBWH,1990-01-01 12:00:00,1990-01-01 13:54:19,1990-01-01 02:00:00,1990-01-01 03:54:19,92.47389671,148.82260847,113.8925721,,,,,200,1,1314,Blackbutt,152.1042,-26.88722,RBWH,Ned Hanlon Dr
Route 391 - 391 - RBWH,1990-01-01 12:00:00,1990-01-02 05:26:57,1990-01-01 02:00:00,1990-01-01 19:26:57,1002.06205914,1612.66578784,1043.00658762,,,,,391,1,1061,Flying Fish Point,146.0754,-17.49616,RBWH,Ned Hanlon Dr
Route 298 - 298 - RBWH,1990-01-01 12:00:00,1990-01-01 19:53:24,1990-01-01 02:00:00,1990-01-01 09:53:24.000001,451.96761559,727.3728251,473.93988117,,,,,298,1,1190,Duaringa,149.6687,-23.71846,RBWH,Ned Hanlon Dr
Route 205 - 205 - RBWH,1990-01-01 12:00:00,1990-01-01 12:57:43,1990-01-01 02:00:00,1990-01-01 02:57:43,43.86340056,70.59144169,57.57551313,,,,,205,1,1319,Woodford,152.778,-26.95557,RBWH,Ned Hanlon Dr
Route 402 - 402 - RBWH,1990-01-01 12:00:00,1990-01-02 10:35:26,1990-01-01 02:00:00,1990-01-02 00:35:26,1337.4064389,2152.3513327,1357.32090591,,,,,402,1,1072,Burketown,139.5466,-17.74255,RBWH,Ned Hanlon Dr
Route 359 - 359 - RBWH,1990-01-01 12:00:00,1990-01-02 08:49:18,1990-01-01 02:00:00,1990-01-01 22:49:18,1157.1366321,1862.23462053,1251.49324404,,,,,359,1,1029,Wujal Wujal,145.3188,-15.94835,RBWH,Ned Hanlon Dr
Route 240 - 240 - RBWH,1990-01-01 12:00:00,1990-01-01 23:24:34.000001,1990-01-01 02:00:00,1990-01-01 13:24:34,659.53394938,1061.41912707,687.46768519,,,,,240,1,1132,Midge Point,148.7213,-20.65029,RBWH,Ned Hanlon Dr
Route 208 - 208 - RBWH,1990-01-01 12:00:00,1990-01-01 12:53:33,1990-01-01 02:00:00,1990-01-01 02:53:33,41.6567377,67.04015496,53.44837985,,,,,208,1,1322,Delaneys Creek,152.7971,-27.00308,RBWH,Ned Hanlon Dr
Route 306 - 306 - RBWH,1990-01-01 12:00:00,1990-01-01 20:51:25.000001,1990-01-01 02:00:00,1990-01-01 10:51:25,504.15469965,811.35996368,531.29827386,,,,,306,1,1198,Springsure,148.0891,-24.11595,RBWH,Ned Hanlon Dr
Route 243 - 243 - RBWH,1990-01-01 12:00:00,1990-01-02 07:19:54,1990-01-01 02:00:00,1990-01-01 21:19:54,1133.39849015,1824.03170779,1156.99084256,,,,,243,1,1135,Mount Isa,139.4993,-20.73044,RBWH,Ned Hanlon Dr
Route 236 - 236 - RBWH,1990-01-01 12:00:00,1990-01-01 23:42:03,1990-01-01 02:00:00,1990-01-01 13:42:03,677.47037557,1090.28506467,705.64340181,,,,,236,1,1128,Mount Julian,148.6196,-20.37468,RBWH,Ned Hanlon Dr
Route 209 - 209 - RBWH,1990-01-01 12:00:00,1990-01-01 12:47:12,1990-01-01 02:00:00,1990-01-01 02:47:12.000001,36.60555633,58.91105028,47.06563826,,,,,209,1,1323,Donnybrook,153.0662,-27.00662,RBWH,Ned Hanlon Dr
Route 212 - 212 - RBWH,1990-01-01 12:00:00,1990-01-01 12:47:49,1990-01-01 02:00:00,1990-01-01 02:47:49,35.11699725,56.51544185,47.70783167,,,,,212,1,1326,Ningi,153.1051,-27.06703,RBWH,Ned Hanlon Dr
Route 310 - 310 - RBWH,1990-01-01 12:00:00,1990-01-01 17:20:38,1990-01-01 02:00:00,1990-01-01 07:20:38,298.78141959,480.84304661,322.48149849,,,,,310,1,1202,Agnes Water,151.9008,-24.21017,RBWH,Ned Hanlon Dr
Route 215 - 215 - RBWH,1990-01-01 12:00:00,1990-01-01 12:58:01.000001,1990-01-01 02:00:00,1990-01-01 02:58:01,39.98073857,64.34289041,57.91494214,,,,,215,1,1329,Bongaree,153.1626,-27.08546,RBWH,Ned Hanlon Dr
Route 222 - 222 - RBWH,1990-01-01 12:00:00,1990-01-02 01:53:51,1990-01-01 02:00:00,1990-01-01 15:53:51.000001,807.12257036,1298.94046375,835.39691935,,,,,222,1,1114,Giru,147.1066,-19.51333,RBWH,Ned Hanlon Dr
Route 253 - 253 - RBWH,1990-01-01 12:00:00,1990-01-01 23:03:19,1990-01-01 02:00:00,1990-01-01 13:03:19,631.95999732,1017.04306401,665.44466893,,,,,253,1,1145,Finch Hatton,148.6313,-21.14165,RBWH,Ned Hanlon Dr
Route 223 - 223 - RBWH,1990-01-01 12:00:00,1990-01-02 01:33:44,1990-01-01 02:00:00,1990-01-01 15:33:44,785.81800858,1264.65402651,815.15961923,,,,,223,1,1115,Kalamia Estate,147.4184,-19.53428,RBWH,Ned Hanlon Dr
Route 224 - 224 - RBWH,1990-01-01 12:00:00,1990-01-02 01:30:46,1990-01-01 02:00:00,1990-01-01 15:30:46.000001,785.91613897,1264.81195238,812.18673823,,,,,224,1,1116,Brandon,147.3554,-19.55389,RBWH,Ned Hanlon Dr
Route 275 - 275 - RBWH,1990-01-01 12:00:00,1990-01-02 00:14:10,1990-01-01 02:00:00,1990-01-01 14:14:10.000001,706.91396056,1137.67001628,735.75004087,,,,,275,1,1167,Aramac,145.2439,-22.9698,RBWH,Ned Hanlon Dr
Route 226 - 226 - RBWH,1990-01-01 12:00:00,1990-01-02 01:17:14,1990-01-01 02:00:00,1990-01-01 15:17:14.000001,775.55325804,1248.13447878,798.60611001,,,,,226,1,1118,Home Hill,147.4144,-19.66043,RBWH,Ned Hanlon Dr
Route 231 - 231 - RBWH,1990-01-01 12:00:00,1990-01-02 00:02:34,1990-01-01 02:00:00,1990-01-01 14:02:34,699.16864886,1125.20512043,726.06135692,,,,,231,1,1123,Hideaway Bay - Dingo Beach,148.4886,-20.08489,RBWH,Ned Hanlon Dr
Route 376 - 376 - RBWH,1990-01-01 12:00:00,1990-01-02 07:14:48,1990-01-01 02:00:00,1990-01-01 21:14:48,1101.40016013,1772.53528437,1155.80840937,,,,,376,1,1046,Dimbulah,145.1096,-17.15058,RBWH,Ned Hanlon Dr
Route 233 - 233 - RBWH,1990-01-01 12:00:00,1990-01-01 23:56:26.000001,1990-01-01 02:00:00,1990-01-01 13:56:26,688.43113212,1107.92472775,720.07225365,,,,,233,1,1125,Airlie Beach,148.7132,-20.26829,RBWH,Ned Hanlon Dr
Route 296 - 296 - RBWH,1990-01-01 12:00:00,1990-01-01 20:15:31,1990-01-01 02:00:00,1990-01-01 10:15:31,474.3991754,763.47299348,495.94496414,,,,,296,1,1188,Dingo,149.3315,-23.64629,RBWH,Ned Hanlon Dr
Route 278 - 278 - RBWH,1990-01-01 12:00:00,1990-01-01 19:26:25,1990-01-01 02:00:00,1990-01-01 09:26:25.000001,416.17320511,669.76719014,447.14041581,,,,,278,1,1170,Yeppoon,150.7431,-23.12635,RBWH,Ned Hanlon Dr
Route 234 - 234 - RBWH,1990-01-01 12:00:00,1990-01-01 23:52:48,1990-01-01 02:00:00,1990-01-01 13:52:48,686.66604586,1105.08409108,716.55496618,,,,,234,1,1126,Cannonvale,148.6962,-20.2769,RBWH,Ned Hanlon Dr
Route 432 - 432 - RBWH,1990-01-01 12:00:00,1990-01-02 03:17:26,1990-01-01 02:00:00,1990-01-01 17:17:26,847.50118313,1363.92367192,919.14411266,,,,,432,1,1102,Picnic Bay,146.8379,-19.17814,RBWH,Ned Hanlon Dr
Route 361 - 361 - RBWH,1990-01-01 12:00:00,1990-01-02 07:41:47,1990-01-01 02:00:00,1990-01-01 21:41:47,1114.74583763,1794.01311334,1183.3745161,,,,,361,1,1031,Wonga Beach,145.4137,-16.3472,RBWH,Ned Hanlon Dr
Route 238 - 238 - RBWH,1990-01-01 12:00:00,1990-01-02 00:31:03,1990-01-01 02:00:00,1990-01-01 14:31:03,724.08594062,1165.30569463,753.373075,,,,,238,1,1130,Collinsville,147.8441,-20.55341,RBWH,Ned Hanlon Dr
Route 425 - 425 - RBWH,1990-01-01 12:00:00,1990-01-02 03:02:55,1990-01-01 02:00:00,1990-01-01 17:02:55.000001,872.53453431,1404.21102601,904.4749347,,,,,425,1,1095,Balgal Beach,146.4083,-19.01722,RBWH,Ned Hanlon Dr
Route 383 - 383 - RBWH,1990-01-01 12:00:00,1990-01-02 06:25:16,1990-01-01 02:00:00,1990-01-01 20:25:16,1057.35528941,1701.65179419,1103.43101926,,,,,383,1,1053,Yungaburra,145.5851,-17.26885,RBWH,Ned Hanlon Dr
Route 347 - 347 - RBWH,1990-01-01 12:00:00,1990-01-02 18:09:38,1990-01-01 02:00:00,1990-01-02 08:09:38,1660.38116901,2672.12981633,1812.35577188,,,,,347,1,1017,Bamaga,142.3893,-10.89279,RBWH,Ned Hanlon Dr
Route 293 - 293 - RBWH,1990-01-01 12:00:00,1990-01-01 18:52:27,1990-01-01 02:00:00,1990-01-01 08:52:27,392.74113561,632.05685426,413.41174064,,,,,293,1,1185,Bouldercombe,150.4668,-23.57818,RBWH,Ned Hanlon Dr
Route 242 - 242 - RBWH,1990-01-01 12:00:00,1990-01-02 05:55:42,1990-01-01 02:00:00,1990-01-01 19:55:42.000001,1058.50728985,1703.50576288,1073.85243095,,,,,242,1,1134,Cloncurry,140.5092,-20.70554,RBWH,Ned Hanlon Dr
Route 439 - 439 - RBWH,1990-01-01 12:00:00,1990-01-02 02:38:33.000001,1990-01-01 02:00:00,1990-01-01 16:38:33,848.49139979,1365.51727434,880.1236079,,,,,439,1,1109,Alice River,146.6023,-19.32778,RBWH,Ned Hanlon Dr
Route 438 - 438 - RBWH,1990-01-01 12:00:00,1990-01-02 02:36:07,1990-01-01 02:00:00,1990-01-01 16:36:07.000001,846.1674157,1361.77717701,877.65627939,,,,,438,1,1108,Rangewood,146.6392,-19.31192,RBWH,Ned Hanlon Dr
Route 430 - 430 - RBWH,1990-01-01 12:00:00,1990-01-02 02:47:11,1990-01-01 02:00:00,1990-01-01 16:47:11,857.36927505,1379.8048582,888.77389903,,,,,430,1,1100,Saunders Beach,146.6098,-19.15875,RBWH,Ned Hanlon Dr
Route 412 - 412 - RBWH,1990-01-01 12:00:00,1990-01-02 04:50:02,1990-01-01 02:00:00,1990-01-01 18:50:02,974.52650833,1568.35152573,1009.30715828,,,,,412,1,1082,Carmoo,146.0461,-17.94788,RBWH,Ned Hanlon Dr
Route 248 - 248 - RBWH,1990-01-01 12:00:00,1990-01-01 22:54:08.000001,1990-01-01 02:00:00,1990-01-01 12:54:08,625.33077904,1006.37435001,655.6369467,,,,,248,1,1140,Haliday Bay - Ball Bay,148.9879,-20.90075,RBWH,Ned Hanlon Dr
Route 315 - 315 - RBWH,1990-01-01 12:00:00,1990-01-01 18:11:21,1990-01-01 02:00:00,1990-01-01 08:11:21,355.73013038,572.49329593,372.61922793,,,,,315,1,1207,Thangool,150.5751,-24.48738,RBWH,Ned Hanlon Dr
Route 249 - 249 - RBWH,1990-01-01 12:00:00,1990-01-01 14:08:08,1990-01-01 02:00:00,1990-01-01 04:08:08,111.93844855,180.14783084,127.98345805,,,,,249,1,1141,Killarney,152.2963,-28.33305,RBWH,Ned Hanlon Dr
Route 251 - 251 - RBWH,1990-01-01 12:00:00,1990-01-01 22:29:25,1990-01-01 02:00:00,1990-01-01 12:29:25,602.54507609,969.70424234,630.44032961,,,,,251,1,1143,Farleigh,149.1017,-21.10705,RBWH,Ned Hanlon Dr
Route 364 - 364 - RBWH,1990-01-01 12:00:00,1990-01-02 07:28:31,1990-01-01 02:00:00,1990-01-01 21:28:31,1103.10747125,1775.28294077,1169.58451603,,,,,364,1,1034,Mossman,145.3731,-16.46155,RBWH,Ned Hanlon Dr
Route 254 - 254 - RBWH,1990-01-01 12:00:00,1990-01-01 22:38:21,1990-01-01 02:00:00,1990-01-01 12:38:21,609.78600077,981.35740434,639.71091797,,,,,254,1,1146,Marian,148.9428,-21.14558,RBWH,Ned Hanlon Dr
Route 255 - 255 - RBWH,1990-01-01 12:00:00,1990-01-01 22:24:43,1990-01-01 02:00:00,1990-01-01 12:24:43.000001,596.43025539,959.86337266,625.64296324,,,,,255,1,1147,Mackay,149.1664,-21.15497,RBWH,Ned Hanlon Dr
Route 397 - 397 - RBWH,1990-01-01 12:00:00,1990-01-02 05:10:02,1990-01-01 02:00:00,1990-01-01 19:10:02,992.90118721,1597.92276407,1027.62079923,,,,,397,1,1067,Mourilyan,146.0419,-17.583,RBWH,Ned Hanlon Dr
Route 375 - 375 - RBWH,1990-01-01 12:00:00,1990-01-02 06:10:53,1990-01-01 02:00:00,1990-01-01 20:10:53,1047.25356777,1685.39461656,1088.25857006,,,,,375,1,1045,Goldsborough,145.7509,-17.14553,RBWH,Ned Hanlon Dr
Route 369 - 369 - RBWH,1990-01-01 12:00:00,1990-01-02 06:56:14,1990-01-01 02:00:00,1990-01-01 20:56:14,1074.24306069,1728.83008193,1136.31699501,,,,,369,1,1039,Kuranda,145.6352,-16.82032,RBWH,Ned Hanlon Dr
Route 264 - 264 - RBWH,1990-01-01 12:00:00,1990-01-01 22:10:50,1990-01-01 02:00:00,1990-01-01 12:10:50,583.79798185,939.53365836,611.49138539,,,,,264,1,1156,Sarina Beach,149.3095,-21.38995,RBWH,Ned Hanlon Dr
Route 363 - 363 - RBWH,1990-01-01 12:00:00,1990-01-02 07:27:35,1990-01-01 02:00:00,1990-01-01 21:27:35.000001,1102.46118231,1774.24283746,1168.60793918,,,,,363,1,1033,Cooya Beach,145.4067,-16.44813,RBWH,Ned Hanlon Dr
Route 271 - 271 - RBWH,1990-01-01 12:00:00,1990-01-01 21:36:22.000001,1990-01-01 02:00:00,1990-01-01 11:36:22,554.27861082,892.0267407,576.79484878,,,,,271,1,1163,Middlemount,148.7039,-22.81426,RBWH,Ned Hanlon Dr
Route 274 - 274 - RBWH,1990-01-01 12:00:00,1990-01-02 06:32:37,1990-01-01 02:00:00,1990-01-01 20:32:37,1068.44819041,1719.50412356,1109.00455835,,,,,274,1,1166,Boulia,139.9082,-22.91287,RBWH,Ned Hanlon Dr
Route 279 - 279 - RBWH,1990-01-01 12:00:00,1990-01-01 19:15:27,1990-01-01 02:00:00,1990-01-01 09:15:27,405.83827638,653.13470134,436.12347681,,,,,279,1,1171,The Caves,150.4661,-23.17545,RBWH,Ned Hanlon Dr
Route 282 - 282 - RBWH,1990-01-01 12:00:00,1990-01-01 19:13:07,1990-01-01 02:00:00,1990-01-01 09:13:07,402.19692056,647.27449546,433.80357397,,,,,282,1,1174,Glendale,150.4751,-23.24572,RBWH,Ned Hanlon Dr
Route 344 - 344 - RBWH,1990-01-01 12:00:00,1990-01-02 18:15:01,1990-01-01 02:00:00,1990-01-02 08:15:01,1663.25200219,2676.74998372,1817.39021248,,,,,344,1,1014,Seisia,142.3701,-10.85188,RBWH,Ned Hanlon Dr
Route 283 - 283 - RBWH,1990-01-01 12:00:00,1990-01-01 19:24:49,1990-01-01 02:00:00,1990-01-01 09:24:49,417.99813356,672.70413366,445.55966221,,,,,283,1,1175,Emu Park,150.8238,-23.25994,RBWH,Ned Hanlon Dr
Route 313 - 313 - RBWH,1990-01-01 12:00:00,1990-01-01 18:21:17,1990-01-01 02:00:00,1990-01-01 08:21:17,363.48350783,584.97117237,382.30864803,,,,,313,1,1205,Biloela,150.5098,-24.39602,RBWH,Ned Hanlon Dr
Route 291 - 291 - RBWH,1990-01-01 12:00:00,1990-01-01 23:30:17,1990-01-01 02:00:00,1990-01-01 13:30:17,665.42159828,1070.89439846,691.76139574,,,,,291,1,1183,Barcaldine,145.2854,-23.55288,RBWH,Ned Hanlon Dr
Route 350 - 350 - RBWH,1990-01-01 12:00:00,1990-01-02 16:03:46,1990-01-01 02:00:00,1990-01-02 06:03:46,1554.2315426,2501.29821029,1686.69840192,,,,,350,1,1020,Weipa,141.8777,-12.62496,RBWH,Ned Hanlon Dr
Route 321 - 321 - RBWH,1990-01-01 12:00:00,1990-01-01 16:03:34,1990-01-01 02:00:00,1990-01-01 06:03:34,232.02824113,373.41400451,243.88956262,,,,,321,1,1213,Sloping Hummock,152.4252,-24.8436,RBWH,Ned Hanlon Dr
Route 299 - 299 - RBWH,1990-01-01 12:00:00,1990-01-01 22:25:04,1990-01-01 02:00:00,1990-01-01 12:25:04,601.47965888,967.98961611,625.64724505,,,,,299,1,1191,Willows Gemfields,147.5411,-23.73932,RBWH,Ned Hanlon Dr
Route 318 - 318 - RBWH,1990-01-01 12:00:00,1990-01-01 16:09:05,1990-01-01 02:00:00,1990-01-01 06:09:05,236.03206746,379.8575513,249.43106944,,,,,318,1,1210,Burnett Heads,152.4149,-24.76892,RBWH,Ned Hanlon Dr
Route 433 - 433 - RBWH,1990-01-01 12:00:00,1990-01-02 02:42:58,1990-01-01 02:00:00,1990-01-01 16:42:58,853.82839826,1374.10635798,884.58897316,,,,,433,1,1103,Yabulu,146.5851,-19.20155,RBWH,Ned Hanlon Dr
Route 374 - 374 - RBWH,1990-01-01 12:00:00,1990-01-02 06:05:36,1990-01-01 02:00:00,1990-01-01 20:05:36,1042.95905512,1678.48325457,1082.82171494,,,,,374,1,1044,Gordonvale,145.7806,-17.09611,RBWH,Ned Hanlon Dr
Route 365 - 365 - RBWH,1990-01-01 12:00:00,1990-01-02 07:23:45,1990-01-01 02:00:00,1990-01-01 21:23:45,1097.3730208,1766.0542189,1164.70481254,,,,,365,1,1035,Port Douglas,145.4662,-16.48533,RBWH,Ned Hanlon Dr
Route 323 - 323 - RBWH,1990-01-01 12:00:00,1990-01-01 17:20:42,1990-01-01 02:00:00,1990-01-01 07:20:42,301.19947305,484.73453422,322.31538533,,,,,323,1,1215,Monto,151.1207,-24.86547,RBWH,Ned Hanlon Dr
Route 436 - 436 - RBWH,1990-01-01 12:00:00,1990-01-02 02:39:55,1990-01-01 02:00:00,1990-01-01 16:39:55,851.16644771,1369.82235527,881.51178509,,,,,436,1,1106,Black River,146.618,-19.23302,RBWH,Ned Hanlon Dr
Route 378 - 378 - RBWH,1990-01-01 12:00:00,1990-01-02 06:39:37,1990-01-01 02:00:00,1990-01-01 20:39:37,1069.75827544,1721.61250525,1118.76285905,,,,,378,1,1048,Walkamin,145.4411,-17.15428,RBWH,Ned Hanlon Dr
Route 327 - 327 - RBWH,1990-01-01 12:00:00,1990-01-01 16:03:00,1990-01-01 02:00:00,1990-01-01 06:03:00,228.76111157,368.15605865,243.30289401,,,,,327,1,1219,Sharon,152.2587,-24.88377,RBWH,Ned Hanlon Dr
Route 371 - 371 - RBWH,1990-01-01 12:00:00,1990-01-02 06:26:50,1990-01-01 02:00:00,1990-01-01 20:26:50,1057.17520075,1701.361969,1105.28660694,,,,,371,1,1041,Cairns,145.7649,-16.92311,RBWH,Ned Hanlon Dr
Route 354 - 354 - RBWH,1990-01-01 12:00:00,1990-01-02 12:56:00.000001,1990-01-01 02:00:00,1990-01-02 02:56:00,1386.74336113,2231.75157128,1496.92084313,,,,,354,1,1024,Coen,143.1999,-13.9448,RBWH,Ned Hanlon Dr
Route 356 - 356 - RBWH,1990-01-01 12:00:00,1990-01-02 10:23:00,1990-01-01 02:00:00,1990-01-02 00:23:00,1272.58324158,2048.0283004,1342.77755393,,,,,356,1,1026,Hope Vale,145.1102,-15.2971,RBWH,Ned Hanlon Dr
Route 357 - 357 - RBWH,1990-01-01 12:00:00,1990-01-02 09:45:41,1990-01-01 02:00:00,1990-01-01 23:45:41,1244.82756311,2003.35977645,1306.2436908,,,,,357,1,1027,Cooktown,145.2488,-15.47177,RBWH,Ned Hanlon Dr
Route 424 - 424 - RBWH,1990-01-01 12:00:00,1990-01-02 06:59:04,1990-01-01 02:00:00,1990-01-01 20:59:04,889.70263467,1431.84046057,1139.11560451,,,,,424,1,1094,Palm Island,146.6058,-18.72665,RBWH,Ned Hanlon Dr
Route 367 - 367 - RBWH,1990-01-01 12:00:00,1990-01-02 07:10:42.000001,1990-01-01 02:00:00,1990-01-01 21:10:42,1088.13234667,1751.18276568,1151.37337278,,,,,367,1,1037,Oak Beach,145.5147,-16.5941,RBWH,Ned Hanlon Dr
Route 370 - 370 - RBWH,1990-01-01 12:00:00,1990-01-02 06:33:49.000001,1990-01-01 02:00:00,1990-01-01 20:33:49,1065.93297856,1715.45627435,1112.86257177,,,,,370,1,1040,Yarrabah,145.865,-16.90636,RBWH,Ned Hanlon Dr
Route 437 - 437 - RBWH,1990-01-01 12:00:00,1990-01-02 02:28:43,1990-01-01 02:00:00,1990-01-01 16:28:43,837.00002331,1347.02365956,870.32268098,,,,,437,1,1107,Townsville,146.8092,-19.26508,RBWH,Ned Hanlon Dr
Route 379 - 379 - RBWH,1990-01-01 12:00:00,1990-01-02 06:38:18,1990-01-01 02:00:00,1990-01-01 20:38:18,1067.31475718,1717.68003593,1117.31531515,,,,,379,1,1049,Tinaroo,145.5505,-17.16863,RBWH,Ned Hanlon Dr
Route 381 - 381 - RBWH,1990-01-01 12:00:00,1990-01-02 06:33:11,1990-01-01 02:00:00,1990-01-01 20:33:11,1063.72973183,1711.91048537,1112.11593871,,,,,381,1,1051,Tolga,145.4776,-17.22463,RBWH,Ned Hanlon Dr
Route 382 - 382 - RBWH,1990-01-01 12:00:00,1990-01-02 06:29:49,1990-01-01 02:00:00,1990-01-01 20:29:49,1059.89810729,1705.74407106,1108.76640263,,,,,382,1,1052,Atherton,145.4776,-17.26641,RBWH,Ned Hanlon Dr
Route 385 - 385 - RBWH,1990-01-01 12:00:00,1990-01-02 05:41:00,1990-01-01 02:00:00,1990-01-01 19:41:00.000001,1014.39173246,1632.5085133,1056.08623279,,,,,385,1,1055,Bramston Beach,146.0198,-17.35108,RBWH,Ned Hanlon Dr
Route 394 - 394 - RBWH,1990-01-01 12:00:00,1990-01-02 05:24:16,1990-01-01 02:00:00,1990-01-01 19:24:16,1000.66414635,1610.41606077,1040.73493119,,,,,394,1,1064,Belvedere,145.9896,-17.51972,RBWH,Ned Hanlon Dr
